Employee_ID,First_Name,Last_Name,Email,Age,Gender,Education_Level,Marital_Status,Number_of_Children,Distance_From_Home_Km,Hire_Date,Termination_Date,Status,Current_Department_ID,Current_Role_ID,Current_Salary,Manager_ID,PTO_Balance
1,Mark,Johnson,mark.johnson@solid-demo.com,37,Male,MA/MSc,Divorced,2,12,2021-09-04,,Active,4,9,37589,,42
2,Courtney,Doyle,courtney.doyle@solid-demo.com,32,Female,BA/BSc,Divorced,2,25,2022-08-29,,Active,4,9,33352,,17
3,Steven,Miller,steven.miller@solid-demo.com,31,Male,BA/BSc,Single,2,15,2022-01-13,,Active,4,8,21727,1.0,25
4,Allen,Robinson,allen.robinson@solid-demo.com,58,Male,MA/MSc,Divorced,0,50,2022-03-29,2023-06-19,Terminated,5,11,34500,,16
5,Alexander,Gonzalez,alexander.gonzalez@solid-demo.com,43,Male,MA/MSc,Divorced,1,6,2022-08-05,,Active,3,6,34500,,12
6,Joshua,Robinson,joshua.robinson@solid-demo.com,47,Male,MA/MSc,Married,0,9,2022-06-12,,Active,4,8,20700,1.0,22
7,Robert,Smith,robert.smith@solid-demo.com,54,Male,MA/MSc,Single,0,21,2022-12-23,,Active,5,11,34500,,11
8,Michael,Peterson,michael.peterson@solid-demo.com,43,Male,BA/BSc,Divorced,1,16,2021-05-20,2022-09-03,Terminated,4,8,19966,2.0,15
9,Tyler,Rogers,tyler.rogers@solid-demo.com,28,Male,MA/MSc,Single,0,3,2021-03-25,,Active,5,10,14873,7.0,46
10,Anne,Abbott,anne.abbott@solid-demo.com,39,Female,MA/MSc,Married,0,5,2022-06-25,2023-08-15,Terminated,5,10,14339,7.0,9
11,Robert,Blair,robert.blair@solid-demo.com,36,Male,BA/BSc,Single,0,10,2022-04-25,,Active,1,3,35983,,24
12,William,Gray,william.gray@solid-demo.com,58,Male,MA/MSc,Single,3,9,2022-05-10,,Active,5,10,14783,4.0,27
13,Sandra,Montgomery,sandra.montgomery@solid-demo.com,24,Female,MA/MSc,Married,0,16,2023-02-11,,Active,1,3,31048,,10
14,Kenneth,Bush,kenneth.bush@solid-demo.com,36,Male,BA/BSc,Single,1,43,2021-02-11,2022-03-18,Terminated,5,10,12600,4.0,15
15,Darren,Roberts,darren.roberts@solid-demo.com,56,Male,High School,Single,0,4,2021-03-13,,Active,5,10,13668,4.0,48
16,David,Garcia,david.garcia@solid-demo.com,50,Male,BA/BSc,Divorced,1,55,2021-09-06,2022-09-19,Terminated,5,10,12600,4.0,18
17,Madison,Diaz,madison.diaz@solid-demo.com,28,Female,High School,Divorced,4,48,2021-11-28,,Active,3,7,26553,,31
18,Christine,Adams,christine.adams@solid-demo.com,42,Female,BA/BSc,Divorced,2,21,2023-04-19,,Active,1,1,21407,11.0,6
19,Maria,Lynch,maria.lynch@solid-demo.com,31,Female,MA/MSc,Divorced,2,10,2021-06-03,,Active,1,1,26492,13.0,41
20,Nicholas,Martin,nicholas.martin@solid-demo.com,51,Male,MA/MSc,Single,0,6,2021-12-06,,Active,3,6,18400,17.0,31
21,William,Bowman,william.bowman@solid-demo.com,28,Male,MA/MSc,Divorced,3,19,2022-05-14,,Active,4,8,22041,1.0,26
22,Michael,Cameron,michael.cameron@solid-demo.com,46,Male,BA/BSc,Single,1,9,2022-11-26,,Active,3,6,16800,17.0,20
23,Daryl,Johnson,daryl.johnson@solid-demo.com,35,Male,MA/MSc,Married,2,57,2021-10-10,2022-11-11,Terminated,2,5,34500,,13
24,Derek,Clark,derek.clark@solid-demo.com,54,Male,BA/BSc,Married,0,9,2023-04-24,,Active,1,2,23100,11.0,4
25,Sherri,Edwards,sherri.edwards@solid-demo.com,45,Female,BA/BSc,Single,4,10,2022-08-10,,Active,1,1,22492,13.0,17
26,Jennifer,Rocha,jennifer.rocha@solid-demo.com,26,Female,BA/BSc,Married,1,12,2022-02-15,,Active,3,6,15496,17.0,23
27,Derek,Wright,derek.wright@solid-demo.com,57,Male,MA/MSc,Divorced,1,25,2022-05-18,,Active,1,2,28964,11.0,27
28,Dennis,Richards,dennis.richards@solid-demo.com,43,Male,BA/BSc,Divorced,0,14,2023-03-15,,Active,5,10,12600,7.0,6
29,James,Robinson,james.robinson@solid-demo.com,50,Male,BA/BSc,Married,1,7,2023-06-12,,Active,5,10,12600,7.0,0
30,Katrina,Davis,katrina.davis@solid-demo.com,42,Female,BA/BSc,Divorced,2,12,2021-02-12,,Active,4,8,19628,2.0,46
31,Ashley,Burton,ashley.burton@solid-demo.com,56,Female,BA/BSc,Divorced,1,9,2022-12-10,,Active,2,5,29203,,8
32,Jay,Brown,jay.brown@solid-demo.com,25,Male,High School,Married,0,21,2021-12-08,,Active,2,4,16694,23.0,34
33,Whitney,Rice,whitney.rice@solid-demo.com,39,Female,BA/BSc,Divorced,0,5,2023-05-20,,Active,4,8,16921,2.0,8
34,Scott,Smith,scott.smith@solid-demo.com,59,Male,BA/BSc,Single,1,16,2022-10-08,,Active,5,10,14136,7.0,19
35,Michael,Herrera,michael.herrera@solid-demo.com,54,Male,BA/BSc,Single,2,10,2021-08-27,,Active,5,10,13327,7.0,32
36,Margaret,Rodriguez,margaret.rodriguez@solid-demo.com,58,Female,High School,Single,1,24,2022-01-25,,Active,3,6,16106,5.0,26
37,Jody,Mckay,jody.mckay@solid-demo.com,48,Female,MA/MSc,Divorced,3,2,2023-02-23,,Active,1,1,23108,13.0,9
38,Deborah,Mason,deborah.mason@solid-demo.com,50,Female,BA/BSc,Divorced,2,21,2021-06-09,,Active,3,6,16170,5.0,44
39,Susan,Harrell,susan.harrell@solid-demo.com,32,Female,MA/MSc,Divorced,0,14,2021-09-25,,Active,4,8,19730,1.0,41
40,Margaret,Lynch,margaret.lynch@solid-demo.com,48,Female,BA/BSc,Married,1,4,2021-05-17,,Active,4,8,19075,2.0,36
41,Phillip,Ryan,phillip.ryan@solid-demo.com,39,Male,BA/BSc,Single,1,9,2022-11-28,,Active,1,1,23100,11.0,19
42,Joseph,Smith,joseph.smith@solid-demo.com,53,Male,BA/BSc,Married,0,5,2021-10-18,,Active,4,8,18900,1.0,40
43,Alicia,Hickman,alicia.hickman@solid-demo.com,36,Female,High School,Divorced,3,9,2023-02-26,,Active,3,6,14860,5.0,11
44,Ronald,Parker,ronald.parker@solid-demo.com,46,Male,BA/BSc,Divorced,0,18,2021-02-21,,Active,5,10,12600,7.0,46
45,Sherry,Arroyo,sherry.arroyo@solid-demo.com,53,Female,MA/MSc,Married,0,70,2021-03-18,2022-07-10,Terminated,1,2,23354,13.0,19
46,Katelyn,Jones,katelyn.jones@solid-demo.com,39,Female,MA/MSc,Single,1,16,2022-11-12,,Active,5,10,14147,4.0,12
47,Pamela,Anderson,pamela.anderson@solid-demo.com,40,Female,BA/BSc,Divorced,2,10,2022-03-02,,Active,4,8,17315,1.0,29
48,Krista,Baker,krista.baker@solid-demo.com,52,Female,MA/MSc,Single,1,14,2023-02-20,,Active,2,4,15549,23.0,15
49,Jenny,Lewis,jenny.lewis@solid-demo.com,59,Female,BA/BSc,Married,4,19,2022-04-28,,Active,5,10,12254,7.0,22
50,Nicholas,Harris,nicholas.harris@solid-demo.com,58,Male,MA/MSc,Divorced,0,77,2021-10-06,,Active,2,4,17250,31.0,38
51,Zachary,Santos,zachary.santos@solid-demo.com,36,Male,BA/BSc,Married,0,2,2022-01-28,,Active,5,10,13298,4.0,26
52,Joseph,Martinez,joseph.martinez@solid-demo.com,24,Male,BA/BSc,Married,0,17,2021-07-21,,Active,2,4,16618,31.0,41
53,George,Chapman,george.chapman@solid-demo.com,49,Male,BA/BSc,Divorced,1,76,2021-07-25,,Active,4,8,18900,1.0,38
54,Daniel,Jones,daniel.jones@solid-demo.com,59,Male,MA/MSc,Divorced,1,21,2022-07-19,,Active,1,1,28862,11.0,19
55,Crystal,Whitehead,crystal.whitehead@solid-demo.com,60,Female,BA/BSc,Divorced,4,5,2023-02-09,,Active,5,10,11639,4.0,13
56,Benjamin,Young,benjamin.young@solid-demo.com,39,Male,BA/BSc,Single,0,15,2022-08-22,,Active,3,6,18028,17.0,24
57,Daniel,Anderson,daniel.anderson@solid-demo.com,40,Male,MA/MSc,Divorced,1,8,2023-04-18,,Active,4,8,20700,2.0,6
58,Kenneth,Kennedy,kenneth.kennedy@solid-demo.com,41,Male,MA/MSc,Single,0,11,2022-12-04,,Active,1,1,25299,13.0,13
59,Rhonda,Lee,rhonda.lee@solid-demo.com,43,Female,BA/BSc,Married,2,17,2021-03-28,,Active,4,8,16738,2.0,50
60,Jeff,Owens,jeff.owens@solid-demo.com,60,Male,BA/BSc,Single,4,23,2022-10-15,,Active,1,1,26001,13.0,16
61,Michael,Joyce,michael.joyce@solid-demo.com,51,Male,BA/BSc,Married,3,17,2021-03-30,,Active,4,8,21111,2.0,49
62,Jennifer,Morgan,jennifer.morgan@solid-demo.com,42,Female,BA/BSc,Married,3,19,2023-02-11,,Active,3,6,15318,5.0,0
63,Danielle,Lee,danielle.lee@solid-demo.com,56,Female,MA/MSc,Single,2,19,2022-02-06,,Active,3,6,18601,17.0,23
64,Javier,Ramirez,javier.ramirez@solid-demo.com,41,Male,BA/BSc,Married,0,24,2021-08-12,,Active,4,8,21035,2.0,38
65,Thomas,Ramos,thomas.ramos@solid-demo.com,59,Male,BA/BSc,Single,4,5,2023-02-10,,Active,2,4,15750,31.0,12
66,Krista,Williams,krista.williams@solid-demo.com,42,Female,BA/BSc,Married,1,17,2023-06-14,,Active,1,1,20722,13.0,0
67,Russell,Novak,russell.novak@solid-demo.com,28,Male,BA/BSc,Married,0,18,2023-04-10,,Active,4,8,18900,2.0,0
68,Sarah,Martin,sarah.martin@solid-demo.com,55,Female,MA/MSc,Married,2,13,2022-03-11,,Active,1,2,26571,13.0,30
69,Daniel,Morales,daniel.morales@solid-demo.com,50,Male,High School,Divorced,1,14,2021-02-22,,Active,2,4,15805,31.0,46
70,James,Galloway,james.galloway@solid-demo.com,52,Male,High School,Married,0,6,2021-08-26,,Active,5,10,13537,7.0,35
71,Richard,Gibson,richard.gibson@solid-demo.com,45,Male,MA/MSc,Divorced,0,12,2022-01-14,,Active,5,10,14583,7.0,31
72,Tyler,Cowan,tyler.cowan@solid-demo.com,51,Male,MA/MSc,Divorced,1,59,2022-05-13,,Active,3,6,18400,17.0,25
73,Nathan,Moore,nathan.moore@solid-demo.com,42,Male,BA/BSc,Married,0,18,2021-09-23,,Active,1,2,24670,13.0,41
74,Wayne,Riley,wayne.riley@solid-demo.com,55,Male,MA/MSc,Single,0,22,2022-05-01,,Active,5,10,14501,7.0,26
75,Paul,Brown,paul.brown@solid-demo.com,52,Male,MA/MSc,Divorced,0,15,2022-06-07,,Active,3,6,18400,17.0,25
76,Jonathan,Farrell,jonathan.farrell@solid-demo.com,39,Male,BA/BSc,Married,1,23,2021-05-21,,Active,4,8,18900,2.0,44
77,Tonya,Miller,tonya.miller@solid-demo.com,42,Female,MA/MSc,Single,2,13,2021-06-16,,Active,1,1,26673,11.0,44
78,Kurt,Leonard,kurt.leonard@solid-demo.com,47,Male,MA/MSc,Single,3,12,2021-07-30,,Active,3,6,20767,17.0,41
79,Bryan,Zamora,bryan.zamora@solid-demo.com,40,Male,MA/MSc,Married,3,11,2021-08-09,,Active,3,6,19458,17.0,37
80,Linda,Harvey,linda.harvey@solid-demo.com,29,Female,MA/MSc,Single,1,77,2022-01-11,2023-02-12,Terminated,2,4,15625,31.0,13
81,Kevin,Mills,kevin.mills@solid-demo.com,54,Male,High School,Divorced,0,21,2023-04-17,,Active,3,6,16000,5.0,0
82,Christina,Moran,christina.moran@solid-demo.com,50,Female,BA/BSc,Single,3,74,2021-08-02,2022-08-16,Terminated,1,2,20515,13.0,12
83,James,Powers,james.powers@solid-demo.com,50,Male,BA/BSc,Married,1,10,2021-09-26,,Active,3,6,18387,5.0,32
84,Emily,Walton,emily.walton@solid-demo.com,58,Female,MA/MSc,Divorced,1,28,2021-03-06,,Active,3,6,16436,17.0,38
85,Jimmy,Murillo,jimmy.murillo@solid-demo.com,45,Male,BA/BSc,Single,2,8,2023-06-11,,Active,2,4,15750,23.0,0
86,Benjamin,Lewis,benjamin.lewis@solid-demo.com,38,Male,BA/BSc,Single,2,21,2021-08-26,,Active,5,10,12600,4.0,42
87,Timothy,Ibarra,timothy.ibarra@solid-demo.com,31,Male,BA/BSc,Single,0,13,2023-02-26,,Active,2,4,15750,23.0,11
88,Jacob,Moore,jacob.moore@solid-demo.com,35,Male,BA/BSc,Single,1,18,2023-01-17,,Active,5,10,12600,4.0,11
89,Michele,Carr,michele.carr@solid-demo.com,47,Female,BA/BSc,Single,1,9,2023-06-03,,Active,1,2,21503,11.0,7
90,Martha,Smith,martha.smith@solid-demo.com,25,Female,High School,Married,0,14,2023-01-02,,Active,5,10,11136,7.0,11
91,Edwin,Alvarado,edwin.alvarado@solid-demo.com,44,Male,BA/BSc,Single,0,21,2023-04-21,,Active,4,8,18900,2.0,8
92,Brandy,Wilson,brandy.wilson@solid-demo.com,56,Female,BA/BSc,Single,2,5,2021-04-06,,Active,4,8,19483,1.0,46
93,Kristen,Nelson,kristen.nelson@solid-demo.com,44,Female,BA/BSc,Married,4,23,2022-06-26,,Active,1,2,22979,13.0,10
94,Michelle,Harris,michelle.harris@solid-demo.com,31,Female,BA/BSc,Divorced,3,15,2022-07-22,,Active,2,4,16430,23.0,23
95,Dennis,Freeman,dennis.freeman@solid-demo.com,46,Male,MA/MSc,Married,0,10,2023-03-22,,Active,4,8,20700,1.0,5
96,Sarah,Davis,sarah.davis@solid-demo.com,25,Female,BA/BSc,Divorced,0,11,2022-01-15,,Active,4,8,18635,2.0,24
97,Donald,Smith,donald.smith@solid-demo.com,48,Male,BA/BSc,Married,0,11,2022-11-22,,Active,1,1,26295,13.0,14
98,Mark,Green,mark.green@solid-demo.com,41,Male,BA/BSc,Married,1,16,2022-10-26,,Active,5,10,13875,7.0,15
99,Kristen,Patterson,kristen.patterson@solid-demo.com,57,Female,BA/BSc,Single,1,26,2021-01-09,,Active,1,2,20340,11.0,43
100,Angela,Ware,angela.ware@solid-demo.com,31,Female,High School,Divorced,1,6,2023-03-21,,Active,3,6,14676,17.0,9
101,Joshua,Davenport,joshua.davenport@solid-demo.com,49,Male,MA/MSc,Single,0,16,2022-06-06,,Active,5,10,15280,4.0,28
102,Charles,Anderson,charles.anderson@solid-demo.com,49,Male,High School,Married,0,45,2021-10-03,2022-10-26,Terminated,4,8,18000,2.0,10
103,Stephanie,Flynn,stephanie.flynn@solid-demo.com,57,Female,High School,Married,2,9,2023-02-10,,Active,2,4,14018,31.0,8
104,Steven,Clark,steven.clark@solid-demo.com,46,Male,BA/BSc,Divorced,2,9,2021-08-12,,Active,1,1,24655,11.0,37
105,Ashley,Deleon,ashley.deleon@solid-demo.com,53,Female,MA/MSc,Divorced,1,20,2023-03-03,,Active,1,1,23794,13.0,15
106,Jennifer,Oliver,jennifer.oliver@solid-demo.com,28,Female,BA/BSc,Divorced,1,10,2021-05-19,,Active,3,6,16043,5.0,40
107,Sharon,Cherry,sharon.cherry@solid-demo.com,53,Female,BA/BSc,Divorced,3,16,2022-12-27,,Active,1,1,20847,11.0,10
108,Stanley,Johnson,stanley.johnson@solid-demo.com,52,Male,BA/BSc,Married,4,4,2022-10-22,,Active,4,8,20672,1.0,13
109,Evelyn,Galvan,evelyn.galvan@solid-demo.com,47,Female,MA/MSc,Married,1,12,2022-12-20,,Active,5,10,12906,4.0,13
110,Sharon,Cochran,sharon.cochran@solid-demo.com,30,Female,BA/BSc,Married,1,11,2021-08-27,,Active,3,6,15176,5.0,35
111,Richard,Rodriguez,richard.rodriguez@solid-demo.com,43,Male,BA/BSc,Divorced,2,6,2023-02-20,,Active,4,8,18900,1.0,15
112,Scott,Walker,scott.walker@solid-demo.com,47,Male,BA/BSc,Single,0,17,2023-01-01,,Active,4,8,18900,1.0,6
113,Joe,Torres,joe.torres@solid-demo.com,28,Male,BA/BSc,Single,1,19,2022-12-13,,Active,2,4,15750,23.0,2
114,Crystal,Johnson,crystal.johnson@solid-demo.com,33,Female,BA/BSc,Divorced,2,21,2021-06-22,,Active,3,6,14835,17.0,42
115,Garrett,Lin,garrett.lin@solid-demo.com,43,Male,MA/MSc,Married,3,8,2023-05-16,,Active,4,8,20700,2.0,0
116,Diana,May,diana.may@solid-demo.com,42,Female,MA/MSc,Divorced,2,7,2021-12-24,,Active,5,10,14184,4.0,25
117,Kimberly,Crosby,kimberly.crosby@solid-demo.com,29,Female,MA/MSc,Married,1,18,2021-04-14,,Active,1,2,23735,11.0,41
118,Cassandra,Estes,cassandra.estes@solid-demo.com,56,Female,BA/BSc,Married,4,13,2021-08-26,,Active,4,8,16669,1.0,26
119,Brian,Hamilton,brian.hamilton@solid-demo.com,42,Male,MA/MSc,Married,1,6,2022-10-15,2024-01-27,Terminated,2,4,19675,31.0,18
120,Erik,Obrien,erik.obrien@solid-demo.com,42,Male,BA/BSc,Single,0,47,2022-04-03,2023-03-06,Terminated,5,10,12600,7.0,4
121,James,Ray,james.ray@solid-demo.com,33,Male,BA/BSc,Single,1,9,2021-08-16,,Active,5,10,13337,7.0,37
122,Michelle,Smith,michelle.smith@solid-demo.com,54,Female,High School,Married,4,10,2023-04-09,,Active,1,1,19909,11.0,6
123,Joshua,Ball,joshua.ball@solid-demo.com,30,Male,MA/MSc,Divorced,2,6,2022-10-27,,Active,1,2,28622,11.0,19
124,Michael,Diaz,michael.diaz@solid-demo.com,32,Male,High School,Married,0,8,2021-03-04,,Active,4,8,18000,1.0,39
125,Mary,Rivera,mary.rivera@solid-demo.com,40,Female,High School,Divorced,0,13,2021-10-08,,Active,3,6,15049,5.0,34
126,Sarah,Cortez,sarah.cortez@solid-demo.com,45,Female,MA/MSc,Married,2,67,2021-09-26,2022-09-23,Terminated,4,8,19376,2.0,10
127,Ellen,Ortiz,ellen.ortiz@solid-demo.com,30,Female,High School,Divorced,1,16,2021-12-27,,Active,2,4,15206,31.0,34
128,Edward,Martinez,edward.martinez@solid-demo.com,28,Male,BA/BSc,Married,0,25,2022-01-12,,Active,4,8,20993,1.0,23
129,Todd,Byrd,todd.byrd@solid-demo.com,39,Male,MA/MSc,Married,0,20,2023-03-20,,Active,1,1,25299,11.0,8
130,Lisa,Turner,lisa.turner@solid-demo.com,47,Female,BA/BSc,Single,2,18,2022-05-06,,Active,5,10,12140,7.0,18
131,Aaron,Mitchell,aaron.mitchell@solid-demo.com,40,Male,MA/MSc,Divorced,0,21,2022-01-20,2023-05-04,Terminated,4,8,22015,2.0,7
132,Lauren,Pena,lauren.pena@solid-demo.com,28,Female,BA/BSc,Married,3,27,2022-02-21,,Active,1,2,21611,11.0,21
133,Jessica,Lewis,jessica.lewis@solid-demo.com,59,Female,BA/BSc,Married,3,19,2022-02-28,,Active,4,8,19007,1.0,23
134,Stephanie,Flynn,stephanie.flynn@solid-demo.com,60,Female,High School,Married,2,16,2021-06-01,,Active,4,8,18914,2.0,38
135,Bradley,Robertson,bradley.robertson@solid-demo.com,51,Male,BA/BSc,Single,2,18,2022-07-21,,Active,5,10,13636,4.0,12
136,George,Cardenas,george.cardenas@solid-demo.com,40,Male,BA/BSc,Divorced,0,45,2022-11-04,2024-01-14,Terminated,3,6,16800,17.0,17
137,Michael,Walker,michael.walker@solid-demo.com,45,Male,MA/MSc,Divorced,0,26,2021-06-28,,Active,5,10,13799,4.0,45
138,Alexander,Sanchez,alexander.sanchez@solid-demo.com,55,Male,MA/MSc,Divorced,0,11,2022-03-02,,Active,2,4,17250,31.0,24
139,Samuel,Jones,samuel.jones@solid-demo.com,27,Male,BA/BSc,Married,1,8,2022-01-06,,Active,3,6,18846,17.0,29
140,Mark,Lee,mark.lee@solid-demo.com,47,Male,BA/BSc,Single,0,16,2022-09-16,2023-12-26,Terminated,3,6,17876,5.0,21
141,Kathleen,Sanchez,kathleen.sanchez@solid-demo.com,60,Female,MA/MSc,Single,2,71,2022-08-11,2023-10-13,Terminated,2,4,15782,31.0,13
142,Aaron,Potter,aaron.potter@solid-demo.com,37,Male,BA/BSc,Single,0,17,2022-11-21,,Active,4,8,21446,2.0,10
143,Ashley,Coleman,ashley.coleman@solid-demo.com,47,Female,High School,Single,2,64,2021-06-07,2022-05-29,Terminated,3,6,14699,17.0,8
144,Tyler,Holmes,tyler.holmes@solid-demo.com,32,Male,MA/MSc,Married,0,12,2021-02-14,,Active,5,10,15191,7.0,45
145,David,Charles,david.charles@solid-demo.com,45,Male,MA/MSc,Divorced,1,12,2022-02-13,,Active,1,1,25299,11.0,31
146,Rebecca,Contreras,rebecca.contreras@solid-demo.com,56,Female,MA/MSc,Divorced,1,20,2023-06-04,,Active,5,10,12602,7.0,4
147,Linda,Dodson,linda.dodson@solid-demo.com,31,Female,MA/MSc,Divorced,1,25,2023-03-09,,Active,1,2,23321,11.0,14
148,Lonnie,Ball,lonnie.ball@solid-demo.com,54,Male,BA/BSc,Divorced,1,14,2022-03-28,,Active,5,10,14424,4.0,30
149,Sandra,Kelley,sandra.kelley@solid-demo.com,50,Female,BA/BSc,Divorced,1,18,2023-03-15,,Active,1,2,21739,13.0,2
150,Patrick,Wells,patrick.wells@solid-demo.com,59,Male,BA/BSc,Divorced,1,14,2021-08-20,,Active,1,1,25486,13.0,42
151,David,Walsh,david.walsh@solid-demo.com,39,Male,BA/BSc,Married,0,11,2022-11-17,,Active,3,6,18461,17.0,14
152,Kelly,Sims,kelly.sims@solid-demo.com,31,Female,BA/BSc,Divorced,1,14,2021-09-03,2023-01-03,Terminated,5,10,13665,7.0,24
153,Billy,Mitchell,billy.mitchell@solid-demo.com,58,Male,BA/BSc,Divorced,1,6,2021-09-01,,Active,4,8,19940,1.0,27
154,Francisco,Fernandez,francisco.fernandez@solid-demo.com,30,Male,BA/BSc,Divorced,1,7,2021-05-04,,Active,2,4,15750,23.0,35
155,David,Benson,david.benson@solid-demo.com,42,Male,BA/BSc,Divorced,0,4,2022-09-25,,Active,4,8,18900,1.0,13
156,Amy,Russell,amy.russell@solid-demo.com,35,Female,MA/MSc,Single,4,14,2022-05-01,,Active,1,2,22593,13.0,25
157,Jennifer,Clark,jennifer.clark@solid-demo.com,42,Female,BA/BSc,Divorced,2,17,2022-01-12,,Active,5,10,11838,4.0,26
158,Taylor,Silva,taylor.silva@solid-demo.com,24,Male,MA/MSc,Married,0,20,2022-09-15,,Active,4,8,23057,1.0,9
159,Scott,Cannon,scott.cannon@solid-demo.com,49,Male,BA/BSc,Single,4,17,2021-12-07,,Active,4,8,20569,2.0,33
160,Abigail,Bell,abigail.bell@solid-demo.com,60,Female,High School,Divorced,1,9,2022-11-06,,Active,3,6,16169,5.0,18
161,Sarah,Ashley,sarah.ashley@solid-demo.com,47,Female,BA/BSc,Single,4,17,2022-01-11,,Active,3,6,16926,5.0,31
162,Paul,Payne,paul.payne@solid-demo.com,29,Male,BA/BSc,Divorced,1,4,2022-06-24,,Active,5,10,12600,4.0,27
163,Daniel,Robinson,daniel.robinson@solid-demo.com,44,Male,MA/MSc,Married,0,8,2022-01-26,,Active,2,4,17250,31.0,29
164,Allen,Rogers,allen.rogers@solid-demo.com,56,Male,BA/BSc,Divorced,0,16,2022-08-31,,Active,1,2,26141,13.0,19
165,Jared,Martin,jared.martin@solid-demo.com,51,Male,BA/BSc,Single,1,3,2022-02-23,,Active,5,10,13745,4.0,33
166,Bethany,Dean,bethany.dean@solid-demo.com,52,Female,MA/MSc,Married,1,23,2021-01-25,,Active,4,8,22022,1.0,53
167,James,Elliott,james.elliott@solid-demo.com,25,Male,MA/MSc,Married,0,23,2021-01-25,,Active,2,4,18508,31.0,43
168,Marvin,Taylor,marvin.taylor@solid-demo.com,31,Male,High School,Divorced,0,2,2022-02-18,,Active,2,4,16640,23.0,34
169,Anthony,Gray,anthony.gray@solid-demo.com,49,Male,BA/BSc,Divorced,0,9,2021-07-09,,Active,1,1,23100,11.0,40
170,Erin,Juarez,erin.juarez@solid-demo.com,39,Female,BA/BSc,Single,4,30,2021-12-06,,Active,5,10,11452,4.0,30
171,Nicole,Decker,nicole.decker@solid-demo.com,27,Female,MA/MSc,Divorced,2,18,2021-08-14,,Active,2,4,18029,31.0,37
172,Bradley,Smith,bradley.smith@solid-demo.com,53,Male,MA/MSc,Divorced,0,15,2022-04-28,,Active,2,4,18463,23.0,19
173,Zachary,Bell,zachary.bell@solid-demo.com,58,Male,MA/MSc,Single,0,52,2022-08-05,2023-07-16,Terminated,4,8,20700,1.0,2
174,Rachael,Pearson,rachael.pearson@solid-demo.com,37,Female,MA/MSc,Married,1,2,2022-11-07,,Active,5,10,13049,4.0,13
175,Tiffany,Gonzalez,tiffany.gonzalez@solid-demo.com,39,Female,BA/BSc,Married,1,69,2021-01-19,2022-04-27,Terminated,2,4,14200,31.0,17
176,Christian,Martinez,christian.martinez@solid-demo.com,47,Male,BA/BSc,Single,1,9,2022-08-23,,Active,4,8,21611,1.0,18
177,Justin,Robinson,justin.robinson@solid-demo.com,36,Male,BA/BSc,Married,1,61,2022-09-19,2024-01-14,Terminated,4,8,18900,2.0,18
178,Pamela,Jackson,pamela.jackson@solid-demo.com,34,Female,MA/MSc,Married,0,25,2022-06-28,2023-10-27,Terminated,4,8,20956,2.0,18
179,Paul,Wilson,paul.wilson@solid-demo.com,38,Male,High School,Single,0,18,2023-01-04,,Active,1,2,22000,13.0,13
180,Traci,Rodriguez,traci.rodriguez@solid-demo.com,55,Female,High School,Divorced,2,2,2021-01-23,,Active,3,6,15826,5.0,44
181,Eric,Byrd,eric.byrd@solid-demo.com,30,Male,BA/BSc,Single,0,18,2023-05-08,,Active,4,8,18900,2.0,4
182,Jennifer,Espinoza,jennifer.espinoza@solid-demo.com,29,Female,BA/BSc,Married,1,9,2021-03-10,,Active,3,6,17191,5.0,44
183,Melissa,Burton,melissa.burton@solid-demo.com,48,Female,BA/BSc,Single,2,24,2021-04-02,,Active,1,2,22161,11.0,44
184,Raymond,Jefferson,raymond.jefferson@solid-demo.com,37,Male,MA/MSc,Divorced,2,44,2022-06-22,2023-05-06,Terminated,1,1,25299,13.0,2
185,Bryan,Riggs,bryan.riggs@solid-demo.com,44,Male,High School,Single,1,24,2022-12-02,,Active,5,10,12000,7.0,16
186,Gregory,Patterson,gregory.patterson@solid-demo.com,60,Male,BA/BSc,Married,1,19,2021-11-28,,Active,1,1,23100,13.0,24
187,Jonathan,Peterson,jonathan.peterson@solid-demo.com,30,Male,BA/BSc,Single,0,21,2023-01-31,,Active,1,2,23100,13.0,16
188,Samantha,Garcia,samantha.garcia@solid-demo.com,52,Female,BA/BSc,Married,2,14,2023-05-10,,Active,3,6,15002,17.0,0
189,Mark,Poole,mark.poole@solid-demo.com,42,Male,MA/MSc,Divorced,0,10,2022-09-26,,Active,5,10,13799,4.0,23
190,Jessica,Gross,jessica.gross@solid-demo.com,30,Female,High School,Married,1,10,2023-05-15,,Active,4,8,16006,1.0,4
191,Devin,Morton,devin.morton@solid-demo.com,25,Male,High School,Divorced,0,4,2022-04-27,,Active,4,8,19644,2.0,22
192,John,Graham,john.graham@solid-demo.com,48,Male,BA/BSc,Married,0,17,2022-10-17,,Active,5,10,13577,4.0,16
193,Debra,Christian,debra.christian@solid-demo.com,39,Female,MA/MSc,Married,2,8,2023-01-14,,Active,1,2,22453,13.0,13
194,Angelica,Keith,angelica.keith@solid-demo.com,45,Female,BA/BSc,Married,3,22,2021-08-07,,Active,4,8,18182,1.0,37
195,Julie,Bishop,julie.bishop@solid-demo.com,60,Female,MA/MSc,Married,1,52,2021-12-06,2023-03-19,Terminated,3,6,16338,17.0,15
196,Alyssa,Rosales,alyssa.rosales@solid-demo.com,37,Female,BA/BSc,Married,3,4,2021-06-12,,Active,2,4,16292,31.0,37
197,Rebecca,Peterson,rebecca.peterson@solid-demo.com,54,Female,BA/BSc,Divorced,2,24,2023-02-27,,Active,4,8,17351,2.0,13
198,Michael,Hill,michael.hill@solid-demo.com,39,Male,BA/BSc,Married,0,23,2021-01-10,,Active,3,6,16800,5.0,40
199,Travis,Miller,travis.miller@solid-demo.com,24,Male,High School,Single,0,18,2022-10-07,,Active,3,6,17540,5.0,22
200,Katherine,Chang,katherine.chang@solid-demo.com,25,Female,BA/BSc,Married,0,15,2022-09-11,,Active,5,10,12133,4.0,17
201,Maria,Henry,maria.henry@solid-demo.com,54,Female,High School,Divorced,2,12,2022-12-11,,Active,5,10,10812,4.0,16
202,Anna,Walker,anna.walker@solid-demo.com,30,Female,BA/BSc,Single,3,25,2022-09-12,,Active,1,1,24248,11.0,18
203,Eric,Perkins,eric.perkins@solid-demo.com,51,Male,BA/BSc,Divorced,1,8,2022-02-28,,Active,4,8,21176,2.0,33
204,Joseph,Coleman,joseph.coleman@solid-demo.com,47,Male,BA/BSc,Married,0,12,2022-10-30,,Active,1,1,23100,13.0,17
205,Gary,Warner,gary.warner@solid-demo.com,46,Male,BA/BSc,Married,1,23,2021-08-31,,Active,5,10,13624,7.0,40
206,Danielle,Martinez,danielle.martinez@solid-demo.com,33,Female,BA/BSc,Married,2,20,2021-06-22,,Active,1,1,23418,13.0,46
207,Barbara,Herrera,barbara.herrera@solid-demo.com,42,Female,BA/BSc,Married,3,21,2022-11-14,,Active,5,10,13409,4.0,11
208,Cathy,Robinson,cathy.robinson@solid-demo.com,55,Female,BA/BSc,Married,1,4,2022-03-10,,Active,5,10,12702,4.0,33
209,Misty,Bray,misty.bray@solid-demo.com,59,Female,BA/BSc,Divorced,0,19,2022-04-15,,Active,2,4,14457,31.0,25
210,Douglas,Garcia,douglas.garcia@solid-demo.com,39,Male,BA/BSc,Single,0,13,2021-06-23,,Active,2,4,15750,23.0,31
211,Crystal,White,crystal.white@solid-demo.com,51,Female,BA/BSc,Single,2,8,2021-01-13,,Active,2,4,15992,23.0,50
212,Kimberly,Hill,kimberly.hill@solid-demo.com,56,Female,MA/MSc,Divorced,3,6,2023-05-22,,Active,3,6,17375,17.0,11
213,Juan,Terry,juan.terry@solid-demo.com,39,Male,BA/BSc,Married,2,23,2021-04-24,,Active,3,6,18702,17.0,46
214,Sean,Henry,sean.henry@solid-demo.com,29,Male,BA/BSc,Divorced,0,13,2023-02-21,,Active,4,8,18900,2.0,9
215,Kenneth,Harrison,kenneth.harrison@solid-demo.com,29,Male,MA/MSc,Married,1,74,2022-01-30,2022-12-29,Terminated,4,8,20700,2.0,2
216,Cathy,Williams,cathy.williams@solid-demo.com,44,Female,MA/MSc,Married,2,6,2023-04-23,,Active,2,4,16131,31.0,10
217,John,Short,john.short@solid-demo.com,53,Male,High School,Single,0,48,2021-12-25,,Active,1,1,22000,13.0,32
218,Angela,Soto,angela.soto@solid-demo.com,29,Female,BA/BSc,Married,0,23,2021-02-17,2022-04-06,Terminated,3,6,15721,5.0,10
219,Chase,Hart,chase.hart@solid-demo.com,57,Male,BA/BSc,Single,0,12,2021-09-29,,Active,1,1,25358,11.0,34
220,Xavier,Wilson,xavier.wilson@solid-demo.com,44,Male,BA/BSc,Married,0,6,2022-11-16,,Active,1,1,24274,11.0,20
221,Larry,Gibbs,larry.gibbs@solid-demo.com,33,Male,MA/MSc,Divorced,1,8,2021-07-21,,Active,4,8,21989,1.0,31
222,Kelly,Hayes,kelly.hayes@solid-demo.com,32,Female,BA/BSc,Divorced,0,19,2022-02-01,,Active,3,6,17437,17.0,30
223,Scott,Branch,scott.branch@solid-demo.com,39,Male,BA/BSc,Single,0,22,2021-10-01,2023-03-12,Terminated,4,8,18900,1.0,10
224,Lisa,Lynch,lisa.lynch@solid-demo.com,47,Female,BA/BSc,Single,2,4,2022-10-25,2023-12-03,Terminated,2,4,15290,23.0,10
225,Theresa,Clark,theresa.clark@solid-demo.com,49,Female,High School,Divorced,2,6,2021-07-08,,Active,5,10,11377,7.0,43
226,Mary,Moore,mary.moore@solid-demo.com,28,Female,BA/BSc,Married,2,9,2021-06-05,,Active,5,10,12556,4.0,36
227,Benjamin,Smith,benjamin.smith@solid-demo.com,32,Male,MA/MSc,Single,1,13,2022-02-08,,Active,2,4,19405,31.0,29
228,Linda,Carter,linda.carter@solid-demo.com,51,Female,BA/BSc,Single,1,20,2021-07-27,,Active,1,1,23242,11.0,23
229,Michelle,Warner,michelle.warner@solid-demo.com,30,Female,MA/MSc,Divorced,2,9,2022-02-11,,Active,3,6,17651,5.0,29
230,Melissa,Bradshaw,melissa.bradshaw@solid-demo.com,38,Female,BA/BSc,Married,3,12,2022-12-07,,Active,2,4,14770,31.0,18
231,Mario,Guerrero,mario.guerrero@solid-demo.com,38,Male,MA/MSc,Single,3,4,2023-04-16,,Active,1,1,25299,13.0,8
232,Jessica,Stephens,jessica.stephens@solid-demo.com,29,Female,BA/BSc,Single,1,11,2022-08-03,,Active,3,6,17207,17.0,23
233,Terry,Serrano,terry.serrano@solid-demo.com,24,Male,MA/MSc,Single,0,2,2021-03-05,,Active,2,4,17250,31.0,51
234,Christopher,Parker,christopher.parker@solid-demo.com,37,Male,BA/BSc,Single,0,3,2022-11-02,,Active,4,8,21586,1.0,15
235,Laura,Roberts,laura.roberts@solid-demo.com,53,Female,MA/MSc,Single,2,18,2021-04-22,,Active,5,10,14121,4.0,33
236,Melissa,Lyons,melissa.lyons@solid-demo.com,40,Female,MA/MSc,Married,2,25,2023-04-24,,Active,2,4,15564,31.0,8
237,Jonathan,Snyder,jonathan.snyder@solid-demo.com,30,Male,BA/BSc,Single,0,12,2021-03-13,,Active,1,1,26483,13.0,46
238,Amanda,Reynolds,amanda.reynolds@solid-demo.com,31,Female,High School,Divorced,1,24,2021-10-16,,Active,3,6,15391,5.0,31
239,Danielle,Davis,danielle.davis@solid-demo.com,40,Female,MA/MSc,Single,0,14,2023-05-11,,Active,5,10,12681,7.0,11
240,Russell,Johnston,russell.johnston@solid-demo.com,32,Male,BA/BSc,Single,2,9,2023-05-01,,Active,1,2,23100,11.0,12
241,Yvonne,Chambers,yvonne.chambers@solid-demo.com,29,Female,BA/BSc,Married,3,4,2021-08-30,2023-01-09,Terminated,2,4,14959,23.0,10
242,Andrew,Avila,andrew.avila@solid-demo.com,34,Male,MA/MSc,Married,2,14,2022-02-26,,Active,1,2,27643,13.0,30
243,Marisa,Moon,marisa.moon@solid-demo.com,52,Female,MA/MSc,Single,2,21,2021-06-12,2022-10-23,Terminated,2,4,17638,23.0,19
244,Kevin,Walters,kevin.walters@solid-demo.com,57,Male,BA/BSc,Divorced,2,14,2022-03-17,,Active,2,4,17300,31.0,26
245,Anna,Bailey,anna.bailey@solid-demo.com,41,Female,BA/BSc,Married,2,2,2021-10-26,,Active,5,10,12346,7.0,30
246,Michael,Hodge,michael.hodge@solid-demo.com,39,Male,BA/BSc,Divorced,0,29,2021-10-23,,Active,2,4,15750,31.0,33
247,Melissa,Roberts,melissa.roberts@solid-demo.com,25,Female,MA/MSc,Married,0,20,2023-04-26,,Active,2,4,15859,23.0,12
248,Robert,Pierce,robert.pierce@solid-demo.com,55,Male,High School,Single,0,9,2022-02-12,,Active,4,8,19497,1.0,28
249,Ernest,Morris,ernest.morris@solid-demo.com,44,Male,High School,Single,1,6,2023-05-19,,Active,2,4,15000,23.0,7
250,Jared,Robertson,jared.robertson@solid-demo.com,47,Male,MA/MSc,Divorced,0,5,2023-06-04,,Active,5,10,13799,7.0,2
251,Matthew,Daniels,matthew.daniels@solid-demo.com,34,Male,MA/MSc,Married,2,17,2022-01-05,,Active,3,6,18400,17.0,35
252,Cody,Cox,cody.cox@solid-demo.com,35,Male,BA/BSc,Divorced,1,20,2022-11-09,,Active,5,10,12600,4.0,17
253,Mario,Wolf,mario.wolf@solid-demo.com,44,Male,MA/MSc,Divorced,0,20,2021-07-02,,Active,5,10,15517,4.0,37
254,Joshua,Pennington,joshua.pennington@solid-demo.com,45,Male,BA/BSc,Married,0,24,2022-01-28,2023-05-30,Terminated,3,6,17821,5.0,17
255,Melissa,Martinez,melissa.martinez@solid-demo.com,55,Female,MA/MSc,Married,2,5,2023-05-21,,Active,4,8,19358,2.0,9
256,Lee,Allen,lee.allen@solid-demo.com,52,Male,High School,Single,0,12,2021-05-22,,Active,5,10,12804,7.0,45
257,Krista,Tran,krista.tran@solid-demo.com,54,Female,MA/MSc,Married,3,7,2021-03-25,,Active,1,1,25865,13.0,48
258,Wendy,Durham,wendy.durham@solid-demo.com,43,Female,BA/BSc,Single,1,19,2022-02-17,,Active,5,10,12708,7.0,29
259,Bruce,Collier,bruce.collier@solid-demo.com,25,Male,BA/BSc,Divorced,0,47,2022-03-23,2023-06-02,Terminated,4,8,18900,1.0,17
260,Michelle,Hicks,michelle.hicks@solid-demo.com,29,Female,BA/BSc,Married,1,14,2021-09-02,,Active,4,8,18103,2.0,38
261,William,Sanchez,william.sanchez@solid-demo.com,29,Male,BA/BSc,Divorced,0,20,2022-05-09,,Active,1,1,25149,11.0,19
262,James,Weeks,james.weeks@solid-demo.com,54,Male,BA/BSc,Married,3,24,2022-03-31,,Active,5,10,13881,4.0,25
263,Shawn,Shields,shawn.shields@solid-demo.com,52,Male,BA/BSc,Single,3,8,2021-09-05,,Active,5,10,14475,4.0,32
264,Rachel,Perry,rachel.perry@solid-demo.com,28,Female,High School,Divorced,1,12,2023-04-17,,Active,2,4,13745,31.0,11
265,Jordan,Hoover,jordan.hoover@solid-demo.com,50,Male,BA/BSc,Divorced,1,5,2021-09-11,,Active,1,1,23100,11.0,38
266,Elizabeth,Matthews,elizabeth.matthews@solid-demo.com,48,Female,BA/BSc,Divorced,2,3,2023-06-14,,Active,3,6,15107,5.0,3
267,John,Hernandez,john.hernandez@solid-demo.com,49,Male,MA/MSc,Married,1,3,2022-04-28,2023-07-17,Terminated,2,4,17250,31.0,15
268,Gregory,Arnold,gregory.arnold@solid-demo.com,38,Male,BA/BSc,Divorced,0,12,2022-05-02,,Active,3,6,17790,17.0,20
269,Jordan,Morris,jordan.morris@solid-demo.com,27,Female,BA/BSc,Single,0,24,2021-06-18,,Active,4,8,17975,2.0,38
270,Michael,Armstrong,michael.armstrong@solid-demo.com,53,Male,High School,Married,1,10,2021-07-29,,Active,1,1,24497,13.0,39
271,Patricia,Williams,patricia.williams@solid-demo.com,55,Female,BA/BSc,Single,4,17,2022-10-29,,Active,1,2,20884,13.0,18
272,Michael,Shepherd,michael.shepherd@solid-demo.com,60,Male,MA/MSc,Single,2,22,2021-12-12,2023-06-16,Terminated,4,8,22582,1.0,13
273,Matthew,Hoover,matthew.hoover@solid-demo.com,24,Male,BA/BSc,Divorced,0,11,2023-05-28,,Active,4,8,18900,2.0,4
274,Kathleen,Johnson,kathleen.johnson@solid-demo.com,53,Female,BA/BSc,Married,1,18,2022-03-26,,Active,4,8,19428,2.0,26
275,Leslie,Kane,leslie.kane@solid-demo.com,30,Female,BA/BSc,Married,4,22,2023-02-22,,Active,3,6,15797,17.0,4
276,Jeremiah,Fox,jeremiah.fox@solid-demo.com,57,Male,MA/MSc,Single,2,21,2022-02-13,,Active,3,6,20647,17.0,16
277,Miranda,Ortiz,miranda.ortiz@solid-demo.com,49,Female,BA/BSc,Single,2,20,2022-08-10,,Active,3,6,16915,5.0,18
278,Christopher,Harrison,christopher.harrison@solid-demo.com,59,Male,BA/BSc,Single,1,25,2023-05-18,,Active,3,6,16800,17.0,5
279,Gina,Schwartz,gina.schwartz@solid-demo.com,29,Female,BA/BSc,Single,2,11,2022-08-05,,Active,5,10,12918,7.0,16
280,Sarah,Phelps,sarah.phelps@solid-demo.com,36,Female,BA/BSc,Divorced,1,11,2023-02-09,,Active,1,1,20415,13.0,11
281,Jamie,Stewart,jamie.stewart@solid-demo.com,50,Female,MA/MSc,Married,0,24,2022-10-06,,Active,2,4,18516,23.0,22
282,Olivia,Brennan,olivia.brennan@solid-demo.com,41,Female,BA/BSc,Single,2,7,2021-02-02,,Active,1,1,24044,13.0,51
283,Barry,Welch,barry.welch@solid-demo.com,26,Male,BA/BSc,Divorced,0,2,2023-04-05,,Active,4,8,18900,2.0,0
284,Zachary,Francis,zachary.francis@solid-demo.com,24,Male,BA/BSc,Single,0,9,2022-01-24,,Active,5,10,13713,7.0,25
285,Brett,Schultz,brett.schultz@solid-demo.com,43,Male,MA/MSc,Married,1,21,2023-02-20,,Active,2,4,17250,31.0,13
286,Jill,Benson,jill.benson@solid-demo.com,55,Female,BA/BSc,Single,0,14,2023-03-20,,Active,4,8,16934,1.0,1
287,Angel,Flynn,angel.flynn@solid-demo.com,56,Male,BA/BSc,Married,1,3,2021-09-20,,Active,2,4,15750,31.0,35
288,James,Thomas,james.thomas@solid-demo.com,25,Male,High School,Single,0,47,2022-04-21,2023-06-12,Terminated,5,10,12000,7.0,11
289,Keith,Sparks,keith.sparks@solid-demo.com,43,Male,BA/BSc,Single,1,10,2021-06-02,,Active,2,4,15750,23.0,47
290,Angela,Pitts,angela.pitts@solid-demo.com,31,Female,MA/MSc,Married,0,8,2022-07-09,,Active,5,10,12947,7.0,27
291,David,Durham,david.durham@solid-demo.com,54,Male,BA/BSc,Single,0,4,2021-05-09,2022-12-06,Terminated,1,2,24599,11.0,28
292,Joel,King,joel.king@solid-demo.com,53,Male,MA/MSc,Married,0,3,2021-08-17,,Active,1,1,25299,11.0,34
293,Adam,Ballard,adam.ballard@solid-demo.com,30,Male,MA/MSc,Single,0,6,2023-03-18,,Active,3,6,18400,5.0,5
294,Megan,Moore,megan.moore@solid-demo.com,41,Female,MA/MSc,Single,1,12,2022-01-31,,Active,3,6,17785,5.0,25
295,Gregory,Matthews,gregory.matthews@solid-demo.com,32,Male,BA/BSc,Single,4,17,2022-07-26,,Active,4,8,18900,1.0,13
296,Jessica,Wright,jessica.wright@solid-demo.com,46,Female,BA/BSc,Divorced,3,25,2023-01-27,,Active,4,8,17271,1.0,12
297,Christina,Cruz,christina.cruz@solid-demo.com,52,Female,High School,Married,2,2,2022-03-09,,Active,4,8,19100,1.0,19
298,Cynthia,Armstrong,cynthia.armstrong@solid-demo.com,46,Female,BA/BSc,Divorced,1,19,2022-05-30,,Active,4,8,18260,1.0,29
299,Wendy,Phillips,wendy.phillips@solid-demo.com,44,Female,BA/BSc,Married,0,9,2023-05-26,,Active,2,4,14304,31.0,1
300,Mary,Hill,mary.hill@solid-demo.com,29,Female,MA/MSc,Married,1,17,2022-05-22,,Active,4,8,20798,1.0,21
