Event_ID,Employee_ID,Event_Date,Event_Type,New_Salary,New_Department_ID,New_Role_ID,New_Distance_Km
1,1,2021-09-04,Hired,34500,4,9,12
2,1,2022-05-16,Promotion,37589,4,9,12
3,2,2022-08-29,Hired,29009,4,9,25
4,2,2023-06-27,Salary Adjustment,33352,4,9,25
5,3,2022-01-13,Hired,18900,4,8,15
6,3,2022-11-07,Salary Adjustment,21727,4,8,15
7,4,2022-03-29,Hired,34500,5,11,11
8,4,2023-02-03,Relocation,34500,5,11,50
9,4,2023-06-19,Resignation,34500,5,11,50
10,5,2022-08-05,Hired,34500,3,7,6
11,5,2023-05-27,Transfer,34500,3,6,6
12,6,2022-06-12,Hired,20700,4,8,9
13,6,2023-01-19,Transfer,20700,4,8,9
14,7,2022-12-23,Hired,34500,5,11,21
15,8,2021-05-20,Hired,18900,4,8,16
16,8,2022-01-05,Salary Adjustment,19966,4,8,16
17,8,2022-09-03,Resignation,19966,4,8,16
18,9,2021-03-25,Hired,13799,5,10,3
19,9,2021-10-29,Promotion,14873,5,10,3
20,10,2022-06-25,Hired,12486,5,10,5
21,10,2023-01-24,Promotion,14339,5,10,5
22,10,2023-08-15,Termination,14339,5,10,5
23,11,2022-04-25,Hired,31500,1,3,10
24,11,2023-03-09,Salary Adjustment,35983,1,3,10
25,12,2022-05-10,Hired,13799,5,10,9
26,12,2023-03-10,Salary Adjustment,14783,5,10,9
27,13,2023-02-11,Hired,31048,1,3,16
28,14,2021-02-11,Hired,12600,5,10,19
29,14,2021-11-18,Relocation,12600,5,10,43
30,14,2022-03-18,Resignation,12600,5,10,43
31,15,2021-03-13,Hired,12000,5,10,4
32,15,2022-01-10,Salary Adjustment,13668,5,10,4
33,16,2021-09-06,Hired,12600,5,10,10
34,16,2022-06-13,Relocation,12600,5,10,55
35,16,2022-09-19,Resignation,12600,5,10,55
36,17,2021-11-28,Hired,26553,3,7,5
37,17,2022-08-22,Relocation,26553,3,7,48
38,18,2023-04-19,Hired,21407,1,1,21
39,19,2021-06-03,Hired,23335,1,1,10
40,19,2022-02-10,Promotion,26492,1,1,10
41,20,2021-12-06,Hired,18400,3,6,6
42,20,2022-08-04,Transfer,18400,3,6,6
43,21,2022-05-14,Hired,20700,4,8,19
44,21,2023-03-04,Promotion,22041,4,8,19
45,22,2022-11-26,Hired,16800,3,6,13
46,22,2023-07-23,Relocation,16800,3,6,9
47,23,2021-10-10,Hired,34500,2,5,15
48,23,2022-06-30,Relocation,34500,2,5,57
49,23,2022-11-11,Resignation,34500,2,5,57
50,24,2023-04-24,Hired,23100,1,2,9
51,25,2022-08-10,Hired,21365,1,1,10
52,25,2023-07-13,Salary Adjustment,22492,1,1,10
53,26,2022-02-15,Hired,15496,3,6,12
54,26,2022-12-10,Transfer,15496,3,6,12
55,27,2022-05-18,Hired,25299,1,2,25
56,27,2023-03-07,Salary Adjustment,28964,1,2,25
57,28,2023-03-15,Hired,12600,5,10,14
58,29,2023-06-12,Hired,12600,5,10,7
59,30,2021-02-12,Hired,17216,4,8,12
60,30,2022-01-08,Salary Adjustment,19628,4,8,12
61,31,2022-12-10,Hired,29203,2,5,9
62,32,2021-12-08,Hired,15000,2,4,21
63,32,2022-10-20,Salary Adjustment,16694,2,4,21
64,33,2023-05-20,Hired,16921,4,8,5
65,34,2022-10-08,Hired,12600,5,10,16
66,34,2023-08-17,Promotion,14136,5,10,16
67,35,2021-08-27,Hired,12600,5,10,10
68,35,2022-05-15,Salary Adjustment,13327,5,10,10
69,36,2022-01-25,Hired,14871,3,6,24
70,36,2022-08-29,Salary Adjustment,16106,3,6,24
71,37,2023-02-23,Hired,23108,1,1,2
72,38,2021-06-09,Hired,15358,3,6,21
73,38,2022-03-05,Salary Adjustment,16170,3,6,21
74,39,2021-09-25,Hired,18337,4,8,14
75,39,2022-08-09,Salary Adjustment,19730,4,8,14
76,40,2021-05-17,Hired,16657,4,8,4
77,40,2022-04-20,Salary Adjustment,19075,4,8,4
78,41,2022-11-28,Hired,23100,1,1,9
79,42,2021-10-18,Hired,18900,4,8,21
80,42,2022-06-16,Relocation,18900,4,8,5
81,43,2023-02-26,Hired,14860,3,6,9
82,44,2021-02-21,Hired,12600,5,10,18
83,44,2021-09-12,Transfer,12600,5,10,18
84,45,2021-03-18,Hired,23354,1,2,18
85,45,2022-02-18,Relocation,23354,1,2,70
86,45,2022-07-10,Resignation,23354,1,2,70
87,46,2022-11-12,Hired,12868,5,10,16
88,46,2023-09-05,Salary Adjustment,14147,5,10,16
89,47,2022-03-02,Hired,17315,4,8,10
90,47,2022-11-18,Transfer,17315,4,8,10
91,48,2023-02-20,Hired,15549,2,4,14
92,49,2022-04-28,Hired,11398,5,10,19
93,49,2023-03-10,Salary Adjustment,12254,5,10,19
94,50,2021-10-06,Hired,17250,2,4,8
95,50,2022-07-03,Relocation,17250,2,4,77
96,51,2022-01-28,Hired,12600,5,10,2
97,51,2022-10-25,Salary Adjustment,13298,5,10,2
98,52,2021-07-21,Hired,15750,2,4,17
99,52,2022-05-04,Salary Adjustment,16618,2,4,17
100,53,2021-07-25,Hired,18900,4,8,3
101,53,2022-03-20,Relocation,18900,4,8,76
102,54,2022-07-19,Hired,25299,1,1,21
103,54,2023-06-17,Salary Adjustment,28862,1,1,21
104,55,2023-02-09,Hired,11639,5,10,5
105,56,2022-08-22,Hired,16800,3,6,15
106,56,2023-07-08,Salary Adjustment,18028,3,6,15
107,57,2023-04-18,Hired,20700,4,8,8
108,58,2022-12-04,Hired,25299,1,1,11
109,59,2021-03-28,Hired,16738,4,8,17
110,59,2022-06-11,Childbirth,16738,4,8,17
111,59,2022-02-01,Transfer,16738,4,8,17
112,60,2022-10-15,Hired,23100,1,1,23
113,60,2023-09-27,Salary Adjustment,26001,1,1,23
114,61,2021-03-30,Hired,18900,4,8,17
115,61,2022-01-28,Salary Adjustment,21111,4,8,17
116,62,2023-02-11,Hired,15318,3,6,19
117,63,2022-02-06,Hired,16724,3,6,19
118,63,2022-10-12,Promotion,18601,3,6,19
119,64,2021-08-12,Hired,18900,4,8,24
120,64,2022-03-31,Salary Adjustment,21035,4,8,24
121,65,2023-02-10,Hired,15750,2,4,5
122,66,2023-06-14,Hired,20722,1,1,17
123,67,2023-04-10,Hired,18900,4,8,18
124,68,2022-03-11,Hired,23241,1,2,13
125,68,2023-02-13,Salary Adjustment,26571,1,2,13
126,69,2021-02-22,Hired,15000,2,4,14
127,69,2021-10-18,Salary Adjustment,15805,2,4,14
128,70,2021-08-26,Hired,12000,5,10,6
129,70,2022-04-22,Salary Adjustment,13537,5,10,6
130,71,2022-01-14,Hired,13799,5,10,12
131,71,2022-12-18,Salary Adjustment,14583,5,10,12
132,72,2022-05-13,Hired,18400,3,6,5
133,72,2023-01-10,Relocation,18400,3,6,59
134,73,2021-09-23,Hired,23100,1,2,18
135,73,2022-09-02,Promotion,24670,1,2,18
136,74,2022-05-01,Hired,13799,5,10,22
137,74,2023-03-14,Salary Adjustment,14501,5,10,22
138,75,2022-06-07,Hired,18400,3,6,15
139,75,2023-04-19,Transfer,18400,3,6,15
140,76,2021-05-21,Hired,18900,4,8,24
141,76,2021-12-12,Relocation,18900,4,8,23
142,77,2021-06-16,Hired,23391,1,1,13
143,77,2022-02-06,Promotion,26673,1,1,13
144,78,2021-07-30,Hired,18400,3,6,12
145,78,2022-03-31,Salary Adjustment,20767,3,6,12
146,79,2021-08-09,Hired,18400,3,6,11
147,79,2022-03-26,Salary Adjustment,19458,3,6,11
148,80,2022-01-11,Hired,15625,2,4,5
149,80,2022-10-05,Relocation,15625,2,4,77
150,80,2023-02-12,Resignation,15625,2,4,77
151,81,2023-04-17,Hired,16000,3,6,21
152,82,2021-08-02,Hired,20515,1,2,11
153,82,2022-04-19,Relocation,20515,1,2,74
154,82,2022-08-16,Resignation,20515,1,2,74
155,83,2021-09-26,Hired,16800,3,6,10
156,83,2022-07-17,Salary Adjustment,18387,3,6,10
157,84,2021-03-06,Hired,16436,3,6,14
158,84,2021-10-23,Relocation,16436,3,6,28
159,85,2023-06-11,Hired,15750,2,4,8
160,86,2021-08-26,Hired,12600,5,10,21
161,86,2022-05-23,Transfer,12600,5,10,21
162,87,2023-02-26,Hired,15750,2,4,13
163,88,2023-01-17,Hired,12600,5,10,18
164,89,2023-06-03,Hired,21503,1,2,9
165,90,2023-01-02,Hired,11136,5,10,14
166,91,2023-04-21,Hired,18900,4,8,21
167,92,2021-04-06,Hired,17200,4,8,5
168,92,2021-12-20,Salary Adjustment,19483,4,8,5
169,93,2022-06-26,Hired,20436,1,2,23
170,93,2023-02-04,Salary Adjustment,22979,1,2,23
171,94,2022-07-22,Hired,14927,2,4,15
172,94,2023-05-08,Salary Adjustment,16430,2,4,15
173,95,2023-03-22,Hired,20700,4,8,10
174,96,2022-01-15,Hired,17096,4,8,11
175,96,2022-09-08,Promotion,18635,4,8,11
176,97,2022-11-22,Hired,23100,1,1,11
177,97,2023-11-02,Promotion,26295,1,1,11
178,98,2022-10-26,Hired,12600,5,10,16
179,98,2023-07-22,Salary Adjustment,13875,5,10,16
180,99,2021-01-09,Hired,20340,1,2,21
181,99,2021-10-13,Relocation,20340,1,2,26
182,100,2023-03-21,Hired,14676,3,6,6
183,101,2022-06-06,Hired,13799,5,10,16
184,101,2023-03-13,Promotion,15280,5,10,16
185,102,2021-10-03,Hired,18000,4,8,21
186,102,2022-07-22,Relocation,18000,4,8,45
187,102,2022-10-26,Resignation,18000,4,8,45
188,103,2023-02-10,Hired,14018,2,4,9
189,104,2021-08-12,Hired,23100,1,1,9
190,104,2022-04-06,Salary Adjustment,24655,1,1,9
191,105,2023-03-03,Hired,23794,1,1,20
192,106,2021-05-19,Hired,15197,3,6,10
193,106,2023-07-13,Childbirth,15197,3,6,10
194,106,2022-04-02,Salary Adjustment,16043,3,6,10
195,107,2022-12-27,Hired,20847,1,1,16
196,108,2022-10-22,Hired,18900,4,8,4
197,108,2023-05-20,Salary Adjustment,20672,4,8,4
198,109,2022-12-20,Hired,12906,5,10,12
199,110,2021-08-27,Hired,15176,3,6,25
200,110,2022-04-20,Relocation,15176,3,6,11
201,111,2023-02-20,Hired,18900,4,8,6
202,112,2023-01-01,Hired,18900,4,8,17
203,113,2022-12-13,Hired,15750,2,4,19
204,114,2021-06-22,Hired,14835,3,6,7
205,114,2022-03-09,Relocation,14835,3,6,21
206,115,2023-05-16,Hired,20700,4,8,8
207,116,2021-12-24,Hired,12918,5,10,7
208,116,2023-08-24,Childbirth,12918,5,10,7
209,116,2022-09-14,Salary Adjustment,14184,5,10,7
210,117,2021-04-14,Hired,23735,1,1,18
211,117,2023-08-11,Childbirth,23735,1,1,18
212,117,2021-12-26,Transfer,23735,1,2,18
213,118,2021-08-26,Hired,16669,4,8,13
214,118,2022-04-08,Transfer,16669,4,8,13
215,119,2022-10-15,Hired,17250,2,4,6
216,119,2023-08-25,Promotion,19675,2,4,6
217,119,2024-01-27,Resignation,19675,2,4,6
218,120,2022-04-03,Hired,12600,5,10,15
219,120,2022-11-05,Relocation,12600,5,10,47
220,120,2023-03-06,Resignation,12600,5,10,47
221,121,2021-08-16,Hired,12600,5,10,9
222,121,2022-04-20,Promotion,13337,5,10,9
223,122,2023-04-09,Hired,19909,1,1,10
224,123,2022-10-27,Hired,25299,1,2,6
225,123,2023-08-13,Promotion,28622,1,2,6
226,124,2021-03-04,Hired,18000,4,8,8
227,124,2021-11-10,Transfer,18000,4,8,8
228,125,2021-10-08,Hired,15049,3,6,13
229,125,2022-05-27,Transfer,15049,3,6,13
230,126,2021-09-26,Hired,19376,4,8,13
231,126,2022-05-04,Relocation,19376,4,8,67
232,126,2022-09-23,Resignation,19376,4,8,67
233,127,2021-12-27,Hired,13374,2,4,16
234,127,2022-11-06,Salary Adjustment,15206,2,4,16
235,128,2022-01-12,Hired,18900,4,8,25
236,128,2022-08-07,Salary Adjustment,20993,4,8,25
237,129,2023-03-20,Hired,25299,1,1,20
238,130,2022-05-06,Hired,11439,5,10,18
239,130,2023-02-01,Salary Adjustment,12140,5,10,18
240,131,2022-01-20,Hired,20700,4,8,21
241,131,2022-12-11,Salary Adjustment,22015,4,8,21
242,131,2023-05-04,Termination,22015,4,8,21
243,132,2022-02-21,Hired,21611,1,2,7
244,132,2022-10-10,Relocation,21611,1,2,27
245,133,2022-02-28,Hired,17441,4,8,19
246,133,2022-10-08,Salary Adjustment,19007,4,8,19
247,134,2021-06-01,Hired,16696,4,8,16
248,134,2022-03-16,Salary Adjustment,18914,4,8,16
249,135,2022-07-21,Hired,12600,5,10,18
250,135,2023-04-24,Salary Adjustment,13636,5,10,18
251,136,2022-11-04,Hired,16800,3,6,22
252,136,2023-10-06,Relocation,16800,3,6,45
253,136,2024-01-14,Resignation,16800,3,6,45
254,137,2021-06-28,Hired,13799,5,10,2
255,137,2022-01-25,Relocation,13799,5,10,26
256,138,2022-03-02,Hired,17250,2,4,11
257,138,2022-11-19,Transfer,17250,2,4,11
258,139,2022-01-06,Hired,16800,3,6,8
259,139,2022-08-30,Salary Adjustment,18846,3,6,8
260,140,2022-09-16,Hired,16800,3,6,16
261,140,2023-06-11,Salary Adjustment,17876,3,6,16
262,140,2023-12-26,Termination,17876,3,6,16
263,141,2022-08-11,Hired,15782,2,4,17
264,141,2023-05-16,Relocation,15782,2,4,71
265,141,2023-10-13,Resignation,15782,2,4,71
266,142,2022-11-21,Hired,18900,4,8,17
267,142,2023-08-21,Promotion,21446,4,8,17
268,143,2021-06-07,Hired,14699,3,6,8
269,143,2022-01-11,Relocation,14699,3,6,64
270,143,2022-05-29,Resignation,14699,3,6,64
271,144,2021-02-14,Hired,13799,5,10,12
272,144,2021-10-08,Salary Adjustment,15191,5,10,12
273,145,2022-02-13,Hired,25299,1,1,21
274,145,2022-11-23,Relocation,25299,1,1,12
275,146,2023-06-04,Hired,12602,5,10,20
276,147,2023-03-09,Hired,23321,1,2,25
277,148,2022-03-28,Hired,12600,5,10,14
278,148,2022-12-15,Salary Adjustment,14424,5,10,14
279,149,2023-03-15,Hired,21739,1,2,18
280,150,2021-08-20,Hired,23100,1,1,14
281,150,2022-04-21,Salary Adjustment,25486,1,1,14
282,151,2022-11-17,Hired,16800,3,6,11
283,151,2023-07-28,Promotion,18461,3,6,11
284,152,2021-09-03,Hired,11929,5,10,14
285,152,2022-06-04,Salary Adjustment,13665,5,10,14
286,152,2023-01-03,Termination,13665,5,10,14
287,153,2021-09-01,Hired,18900,4,8,6
288,153,2022-08-17,Salary Adjustment,19940,4,8,6
289,154,2021-05-04,Hired,15750,2,4,23
290,154,2021-11-21,Relocation,15750,2,4,7
291,155,2022-09-25,Hired,18900,4,8,4
292,155,2023-08-27,Transfer,18900,4,8,4
293,156,2022-05-01,Hired,22593,1,1,14
294,156,2023-01-30,Transfer,22593,1,2,14
295,157,2022-01-12,Hired,11838,5,10,17
296,157,2022-09-18,Transfer,11838,5,10,17
297,158,2022-09-15,Hired,20700,4,8,20
298,158,2023-05-17,Promotion,23057,4,8,20
299,159,2021-12-07,Hired,18900,4,8,17
300,159,2022-08-27,Salary Adjustment,20569,4,8,17
301,160,2022-11-06,Hired,14827,3,6,9
302,160,2023-09-21,Salary Adjustment,16169,3,6,9
303,161,2022-01-11,Hired,15319,3,6,17
304,161,2022-11-02,Salary Adjustment,16926,3,6,17
305,162,2022-06-24,Hired,12600,5,10,4
306,162,2023-01-25,Transfer,12600,5,10,4
307,163,2022-01-26,Hired,17250,2,4,8
308,163,2022-09-06,Transfer,17250,2,4,8
309,164,2022-08-31,Hired,23100,1,2,16
310,164,2023-03-24,Salary Adjustment,26141,1,2,16
311,165,2022-02-23,Hired,12600,5,10,3
312,165,2023-01-09,Salary Adjustment,13745,5,10,3
313,166,2021-01-25,Hired,19162,4,8,23
314,166,2021-11-10,Salary Adjustment,22022,4,8,23
315,167,2021-01-25,Hired,17250,2,4,23
316,167,2021-12-27,Salary Adjustment,18508,2,4,23
317,168,2022-02-18,Hired,15000,2,4,2
318,168,2022-10-28,Salary Adjustment,16640,2,4,2
319,169,2021-07-09,Hired,23100,1,1,3
320,169,2022-06-02,Relocation,23100,1,1,9
321,170,2021-12-06,Hired,11452,5,10,18
322,170,2022-11-13,Relocation,11452,5,10,30
323,171,2021-08-14,Hired,16020,2,4,18
324,171,2022-05-17,Salary Adjustment,18029,2,4,18
325,172,2022-04-28,Hired,17250,2,4,15
326,172,2023-02-21,Salary Adjustment,18463,2,4,15
327,173,2022-08-05,Hired,20700,4,8,14
328,173,2023-03-11,Relocation,20700,4,8,52
329,173,2023-07-16,Resignation,20700,4,8,52
330,174,2022-11-07,Hired,13049,5,10,2
331,174,2023-06-25,Transfer,13049,5,10,2
332,175,2021-01-19,Hired,14200,2,4,19
333,175,2021-12-12,Relocation,14200,2,4,69
334,175,2022-04-27,Resignation,14200,2,4,69
335,176,2022-08-23,Hired,18900,4,8,9
336,176,2023-03-15,Salary Adjustment,21611,4,8,9
337,177,2022-09-19,Hired,18900,4,8,9
338,177,2023-08-25,Relocation,18900,4,8,61
339,177,2024-01-14,Resignation,18900,4,8,61
340,178,2022-06-28,Hired,18482,4,8,25
341,178,2023-01-29,Promotion,20956,4,8,25
342,178,2023-10-27,Resignation,20956,4,8,25
343,179,2023-01-04,Hired,22000,1,2,18
344,180,2021-01-23,Hired,14672,3,6,2
345,180,2021-10-20,Promotion,15826,3,6,2
346,181,2023-05-08,Hired,18900,4,8,18
347,182,2021-03-10,Hired,15136,3,6,9
348,182,2021-10-16,Promotion,17191,3,6,9
349,183,2021-04-02,Hired,20461,1,2,24
350,183,2022-02-07,Promotion,22161,1,2,24
351,184,2022-06-22,Hired,25299,1,1,17
352,184,2023-01-19,Relocation,25299,1,1,44
353,184,2023-05-06,Resignation,25299,1,1,44
354,185,2022-12-02,Hired,12000,5,10,24
355,186,2021-11-28,Hired,23100,1,2,19
356,186,2022-09-22,Transfer,23100,1,1,19
357,187,2023-01-31,Hired,23100,1,2,21
358,188,2023-05-10,Hired,15002,3,6,14
359,189,2022-09-26,Hired,13799,5,10,10
360,189,2023-07-20,Transfer,13799,5,10,10
361,190,2023-05-15,Hired,16006,4,8,10
362,191,2022-04-27,Hired,18000,4,8,4
363,191,2023-02-19,Salary Adjustment,19644,4,8,4
364,192,2022-10-17,Hired,12600,5,10,17
365,192,2023-05-21,Salary Adjustment,13577,5,10,17
366,193,2023-01-14,Hired,22453,1,2,8
367,194,2021-08-07,Hired,17029,4,8,22
368,194,2022-04-15,Salary Adjustment,18182,4,8,22
369,195,2021-12-06,Hired,16338,3,6,14
370,195,2022-11-15,Relocation,16338,3,6,52
371,195,2023-03-19,Resignation,16338,3,6,52
372,196,2021-06-12,Hired,14601,2,4,4
373,196,2022-02-18,Childbirth,14601,2,4,4
374,196,2022-03-16,Salary Adjustment,16292,2,4,4
375,197,2023-02-27,Hired,17351,4,8,24
376,198,2021-01-10,Hired,16800,3,6,21
377,198,2021-12-20,Relocation,16800,3,6,23
378,199,2022-10-07,Hired,16000,3,6,18
379,199,2023-08-17,Salary Adjustment,17540,3,6,18
380,200,2022-09-11,Hired,11190,5,10,15
381,200,2023-05-05,Salary Adjustment,12133,5,10,15
382,201,2022-12-11,Hired,10812,5,10,12
383,202,2022-09-12,Hired,21162,1,1,25
384,202,2023-06-23,Promotion,24248,1,1,25
385,203,2022-02-28,Hired,18900,4,8,8
386,203,2023-01-03,Salary Adjustment,21176,4,8,8
387,204,2022-10-30,Hired,23100,1,1,23
388,204,2023-09-30,Relocation,23100,1,1,12
389,205,2021-08-31,Hired,12600,5,10,23
390,205,2022-04-09,Promotion,13624,5,10,23
391,206,2021-06-22,Hired,21012,1,1,20
392,206,2022-05-25,Promotion,23418,1,1,20
393,207,2022-11-14,Hired,11851,5,10,21
394,207,2023-10-04,Salary Adjustment,13409,5,10,21
395,208,2022-03-10,Hired,11789,5,10,4
396,208,2022-11-21,Salary Adjustment,12702,5,10,4
397,209,2022-04-15,Hired,14457,2,4,19
398,209,2022-11-11,Transfer,14457,2,4,19
399,210,2021-06-23,Hired,15750,2,4,13
400,210,2022-05-01,Transfer,15750,2,4,13
401,211,2021-01-13,Hired,14488,2,4,8
402,211,2021-12-15,Salary Adjustment,15992,2,4,8
403,212,2023-05-22,Hired,17375,3,6,6
404,213,2021-04-24,Hired,16800,3,6,23
405,213,2022-03-15,Salary Adjustment,18702,3,6,23
406,214,2023-02-21,Hired,18900,4,8,13
407,215,2022-01-30,Hired,20700,4,8,24
408,215,2022-09-03,Relocation,20700,4,8,74
409,215,2022-12-29,Resignation,20700,4,8,74
410,216,2023-04-23,Hired,16131,2,4,6
411,217,2021-12-25,Hired,22000,1,1,2
412,217,2022-09-02,Relocation,22000,1,1,48
413,218,2021-02-17,Hired,14844,3,6,23
414,218,2021-11-03,Salary Adjustment,15721,3,6,23
415,218,2022-04-06,Termination,15721,3,6,23
416,219,2021-09-29,Hired,23100,1,1,12
417,219,2022-08-03,Promotion,25358,1,1,12
418,220,2022-11-16,Hired,23100,1,1,6
419,220,2023-06-21,Promotion,24274,1,1,6
420,221,2021-07-21,Hired,20700,4,8,8
421,221,2022-03-03,Salary Adjustment,21989,4,8,8
422,222,2022-02-01,Hired,15700,3,6,19
423,222,2022-11-05,Salary Adjustment,17437,3,6,19
424,223,2021-10-01,Hired,18900,4,8,22
425,223,2022-09-01,Transfer,18900,4,8,22
426,223,2023-03-12,Termination,18900,4,8,22
427,224,2022-10-25,Hired,14507,2,4,4
428,224,2023-05-16,Salary Adjustment,15290,2,4,4
429,224,2023-12-03,Termination,15290,2,4,4
430,225,2021-07-08,Hired,10630,5,10,6
431,225,2022-02-13,Promotion,11377,5,10,6
432,226,2021-06-05,Hired,11303,5,10,9
433,226,2022-01-20,Salary Adjustment,12556,5,10,9
434,227,2022-02-08,Hired,17250,2,4,13
435,227,2022-10-08,Salary Adjustment,19405,2,4,13
436,228,2021-07-27,Hired,21130,1,1,20
437,228,2022-06-22,Salary Adjustment,23242,1,1,20
438,229,2022-02-11,Hired,16248,3,6,9
439,229,2022-10-31,Salary Adjustment,17651,3,6,9
440,230,2022-12-07,Hired,14770,2,4,12
441,231,2023-04-16,Hired,25299,1,1,4
442,232,2022-08-03,Hired,15653,3,6,11
443,232,2023-05-24,Promotion,17207,3,6,11
444,233,2021-03-05,Hired,17250,2,4,9
445,233,2021-09-23,Relocation,17250,2,4,2
446,234,2022-11-02,Hired,18900,4,8,3
447,234,2023-07-31,Salary Adjustment,21586,4,8,3
448,235,2021-04-22,Hired,12759,5,10,18
449,235,2022-02-16,Salary Adjustment,14121,5,10,18
450,236,2023-04-24,Hired,15564,2,4,25
451,237,2021-03-13,Hired,23100,1,1,12
452,237,2021-10-29,Promotion,26483,1,1,12
453,238,2021-10-16,Hired,14320,3,6,24
454,238,2022-06-10,Salary Adjustment,15391,3,6,24
455,239,2023-05-11,Hired,12681,5,10,14
456,240,2023-05-01,Hired,23100,1,2,9
457,241,2021-08-30,Hired,14959,2,4,4
458,241,2022-07-09,Transfer,14959,2,4,4
459,241,2023-01-09,Resignation,14959,2,4,4
460,242,2022-02-26,Hired,25299,1,2,14
461,242,2022-09-21,Salary Adjustment,27643,1,2,14
462,243,2021-06-12,Hired,15961,2,4,21
463,243,2022-05-05,Salary Adjustment,17638,2,4,21
464,243,2022-10-23,Termination,17638,2,4,21
465,244,2022-03-17,Hired,15750,2,4,14
466,244,2023-02-02,Promotion,17300,2,4,14
467,245,2021-10-26,Hired,11139,5,10,2
468,245,2022-09-26,Salary Adjustment,12346,5,10,2
469,246,2021-10-23,Hired,15750,2,4,9
470,246,2022-08-09,Relocation,15750,2,4,29
471,247,2023-04-26,Hired,15859,2,4,20
472,248,2022-02-12,Hired,18000,4,8,9
473,248,2023-01-12,Salary Adjustment,19497,4,8,9
474,249,2023-05-19,Hired,15000,2,4,6
475,250,2023-06-04,Hired,13799,5,10,5
476,251,2022-01-05,Hired,18400,3,6,17
477,251,2022-09-06,Transfer,18400,3,6,17
478,252,2022-11-09,Hired,12600,5,10,6
479,252,2023-05-28,Relocation,12600,5,10,20
480,253,2021-07-02,Hired,13799,5,10,20
481,253,2022-05-25,Salary Adjustment,15517,5,10,20
482,254,2022-01-28,Hired,16800,3,6,24
483,254,2022-11-13,Salary Adjustment,17821,3,6,24
484,254,2023-05-30,Termination,17821,3,6,24
485,255,2023-05-21,Hired,19358,4,8,5
486,256,2021-05-22,Hired,12000,5,10,12
487,256,2022-01-03,Salary Adjustment,12804,5,10,12
488,257,2021-03-25,Hired,22542,1,1,7
489,257,2021-11-05,Salary Adjustment,25865,1,1,7
490,258,2022-02-17,Hired,11223,5,10,19
491,258,2022-12-23,Salary Adjustment,12708,5,10,19
492,259,2022-03-23,Hired,18900,4,8,11
493,259,2023-02-07,Relocation,18900,4,8,47
494,259,2023-06-02,Resignation,18900,4,8,47
495,260,2021-09-02,Hired,16878,4,8,14
496,260,2023-05-21,Childbirth,16878,4,8,14
497,260,2022-07-11,Salary Adjustment,18103,4,8,14
498,261,2022-05-09,Hired,23100,1,1,20
499,261,2023-04-15,Salary Adjustment,25149,1,1,20
500,262,2022-03-31,Hired,12600,5,10,24
501,262,2023-02-22,Promotion,13881,5,10,24
502,263,2021-09-05,Hired,12600,5,10,8
503,263,2022-04-03,Salary Adjustment,14475,5,10,8
504,264,2023-04-17,Hired,13745,2,4,12
505,265,2021-09-11,Hired,23100,1,2,5
506,265,2022-08-21,Transfer,23100,1,1,5
507,266,2023-06-14,Hired,15107,3,6,3
508,267,2022-04-28,Hired,17250,2,4,3
509,267,2023-01-21,Transfer,17250,2,4,3
510,267,2023-07-17,Termination,17250,2,4,3
511,268,2022-05-02,Hired,16800,3,6,12
512,268,2023-03-04,Promotion,17790,3,6,12
513,269,2021-06-18,Hired,16811,4,8,24
514,269,2022-05-29,Salary Adjustment,17975,4,8,24
515,270,2021-07-29,Hired,22000,1,1,10
516,270,2022-06-12,Promotion,24497,1,1,10
517,271,2022-10-29,Hired,20884,1,1,17
518,271,2023-07-22,Transfer,20884,1,2,17
519,272,2021-12-12,Hired,20700,4,8,22
520,272,2022-08-21,Salary Adjustment,22582,4,8,22
521,272,2023-06-16,Resignation,22582,4,8,22
522,273,2023-05-28,Hired,18900,4,8,11
523,274,2022-03-26,Hired,17405,4,8,18
524,274,2022-10-13,Promotion,19428,4,8,18
525,275,2023-02-22,Hired,15797,3,6,22
526,276,2022-02-13,Hired,18400,3,6,21
527,276,2022-11-21,Promotion,20647,3,6,21
528,277,2022-08-10,Hired,15187,3,6,20
529,277,2023-04-23,Promotion,16915,3,6,20
530,278,2023-05-18,Hired,16800,3,6,25
531,279,2022-08-05,Hired,11783,5,10,11
532,279,2023-04-28,Promotion,12918,5,10,11
533,280,2023-02-09,Hired,20415,1,1,11
534,281,2022-10-06,Hired,16120,2,4,24
535,281,2023-08-26,Salary Adjustment,18516,2,4,24
536,282,2021-02-02,Hired,21597,1,1,7
537,282,2021-09-23,Promotion,24044,1,1,7
538,283,2023-04-05,Hired,18900,4,8,2
539,284,2022-01-24,Hired,12600,5,10,9
540,284,2022-10-30,Salary Adjustment,13713,5,10,9
541,285,2023-02-20,Hired,17250,2,4,21
542,286,2023-03-20,Hired,16934,4,8,14
543,287,2021-09-20,Hired,15750,2,4,3
544,287,2022-06-12,Transfer,15750,2,4,3
545,288,2022-04-21,Hired,12000,5,10,15
546,288,2023-02-12,Relocation,12000,5,10,47
547,288,2023-06-12,Resignation,12000,5,10,47
548,289,2021-06-02,Hired,15750,2,4,10
549,289,2022-04-05,Transfer,15750,2,4,10
550,290,2022-07-09,Hired,12947,5,10,8
551,290,2023-04-26,Transfer,12947,5,10,8
552,291,2021-05-09,Hired,23100,1,2,4
553,291,2022-04-20,Promotion,24599,1,2,4
554,291,2022-12-06,Resignation,24599,1,2,4
555,292,2021-08-17,Hired,25299,1,2,3
556,292,2022-04-18,Transfer,25299,1,1,3
557,293,2023-03-18,Hired,18400,3,6,6
558,294,2022-01-31,Hired,16338,3,6,12
559,294,2022-12-13,Salary Adjustment,17785,3,6,12
560,295,2022-07-26,Hired,18900,4,8,7
561,295,2023-05-28,Relocation,18900,4,8,17
562,296,2023-01-27,Hired,17271,4,8,25
563,297,2022-03-09,Hired,17072,4,8,2
564,297,2022-12-20,Promotion,19100,4,8,2
565,298,2022-05-30,Hired,16647,4,8,19
566,298,2023-01-25,Promotion,18260,4,8,19
567,299,2023-05-26,Hired,14304,2,4,9
568,300,2022-05-22,Hired,18364,4,8,17
569,300,2023-04-29,Promotion,20798,4,8,17
