Leave_ID,Employee_ID,Leave_Type,Start_Date,End_Date,Total_Days
1,59,Maternity Leave,2022-06-11,2022-09-24,76
2,106,Maternity Leave,2023-07-13,2023-10-26,76
3,116,Maternity Leave,2023-08-24,2023-12-07,76
4,117,Maternity Leave,2023-08-11,2023-11-24,76
5,196,Maternity Leave,2022-02-18,2022-06-03,76
6,260,Maternity Leave,2023-05-21,2023-09-03,76
7,1,Sick Leave,2023-04-09,2023-04-13,4
8,1,Unpaid Time Off,2023-05-29,2023-06-06,7
9,1,Sick Leave,2021-10-15,2021-10-21,5
10,2,Vacation,2023-06-22,2023-06-30,7
11,2,Sick Leave,2023-04-29,2023-05-07,6
12,3,Vacation,2023-10-24,2023-11-01,7
13,3,Vacation,2022-08-06,2022-08-10,3
14,3,Sick Leave,2023-08-09,2023-08-15,5
15,4,Sick Leave,2022-12-25,2022-12-31,6
16,4,Sick Leave,2022-09-02,2022-09-03,2
17,4,Vacation,2023-01-07,2023-01-15,6
18,5,Vacation,2023-06-20,2023-06-22,3
19,5,Vacation,2023-07-19,2023-07-23,4
20,5,Vacation,2023-08-10,2023-08-17,6
21,5,Sick Leave,2023-07-09,2023-07-13,4
22,6,Vacation,2023-10-01,2023-10-08,6
23,7,Vacation,2023-08-14,2023-08-22,7
24,8,Vacation,2022-07-19,2022-07-27,7
25,8,Vacation,2022-03-20,2022-03-21,1
26,9,Unpaid Time Off,2022-01-31,2022-02-08,7
27,9,Sick Leave,2022-06-14,2022-06-17,4
28,9,Sick Leave,2022-11-01,2022-11-04,4
29,9,Vacation,2023-04-05,2023-04-08,4
30,10,Vacation,2022-08-01,2022-08-08,6
31,10,Vacation,2022-10-25,2022-10-29,5
32,10,Unpaid Time Off,2023-05-01,2023-05-07,6
33,11,Vacation,2022-08-11,2022-08-14,3
34,11,Sick Leave,2022-07-15,2022-07-20,4
35,11,Sick Leave,2023-03-23,2023-03-29,5
36,11,Vacation,2023-12-14,2023-12-18,3
37,12,Unpaid Time Off,2023-03-25,2023-03-31,5
38,12,Unpaid Time Off,2023-11-10,2023-11-13,2
39,12,Vacation,2023-09-21,2023-09-24,3
40,13,Sick Leave,2023-05-05,2023-05-07,2
41,13,Vacation,2023-11-05,2023-11-13,6
42,13,Sick Leave,2023-07-17,2023-07-24,6
43,14,Sick Leave,2021-12-30,2022-01-06,6
44,14,Vacation,2021-12-06,2021-12-08,3
45,14,Vacation,2021-06-26,2021-06-29,2
46,15,Vacation,2021-07-08,2021-07-12,3
47,16,Sick Leave,2022-09-04,2022-09-09,5
48,16,Sick Leave,2021-10-29,2021-11-01,2
49,17,Sick Leave,2023-12-06,2023-12-10,4
50,17,Vacation,2023-09-16,2023-09-17,1
51,17,Vacation,2023-06-04,2023-06-12,6
52,18,Vacation,2023-12-26,2024-01-02,6
53,18,Sick Leave,2023-12-23,2023-12-28,4
54,19,Vacation,2023-06-30,2023-07-07,6
55,20,Vacation,2022-09-08,2022-09-09,2
56,20,Vacation,2023-07-26,2023-07-31,4
57,20,Sick Leave,2021-12-16,2021-12-24,7
58,21,Sick Leave,2023-03-30,2023-04-03,3
59,21,Vacation,2023-02-09,2023-02-13,3
60,21,Unpaid Time Off,2023-06-19,2023-06-22,4
61,22,Unpaid Time Off,2023-08-22,2023-08-25,4
62,23,Vacation,2022-05-30,2022-06-06,6
63,24,Vacation,2023-11-17,2023-11-22,4
64,24,Vacation,2023-12-16,2023-12-21,4
65,24,Sick Leave,2023-05-21,2023-05-29,6
66,25,Vacation,2022-12-07,2022-12-08,2
67,25,Vacation,2022-08-22,2022-08-28,6
68,26,Sick Leave,2023-10-13,2023-10-21,7
69,26,Vacation,2023-03-06,2023-03-12,6
70,26,Vacation,2023-11-03,2023-11-09,5
71,27,Sick Leave,2022-09-26,2022-09-28,3
72,27,Vacation,2022-06-24,2022-06-27,2
73,28,Vacation,2023-11-10,2023-11-12,2
74,28,Sick Leave,2023-12-05,2023-12-09,5
75,28,Vacation,2023-06-11,2023-06-17,6
76,28,Unpaid Time Off,2023-07-12,2023-07-16,4
77,29,Vacation,2023-07-10,2023-07-11,2
78,29,Vacation,2023-12-21,2023-12-27,5
79,29,Unpaid Time Off,2023-08-12,2023-08-16,3
80,29,Vacation,2023-09-20,2023-09-26,5
81,30,Vacation,2021-05-25,2021-06-01,6
82,31,Unpaid Time Off,2023-11-18,2023-11-19,1
83,31,Vacation,2023-01-31,2023-02-06,5
84,31,Vacation,2023-06-03,2023-06-11,6
85,32,Vacation,2023-04-27,2023-05-01,3
86,32,Unpaid Time Off,2023-06-21,2023-06-23,3
87,32,Unpaid Time Off,2023-11-21,2023-11-24,4
88,33,Vacation,2023-08-22,2023-08-24,3
89,34,Sick Leave,2023-09-07,2023-09-14,6
90,34,Vacation,2022-12-16,2022-12-20,3
91,35,Sick Leave,2022-08-17,2022-08-19,3
92,35,Vacation,2021-11-19,2021-11-22,2
93,35,Vacation,2022-10-20,2022-10-26,5
94,35,Vacation,2022-08-11,2022-08-13,3
95,36,Vacation,2023-11-27,2023-11-29,3
96,36,Unpaid Time Off,2022-02-17,2022-02-21,3
97,36,Vacation,2022-10-13,2022-10-20,6
98,37,Vacation,2023-07-11,2023-07-18,6
99,37,Sick Leave,2023-12-16,2023-12-23,6
100,37,Sick Leave,2023-11-16,2023-11-17,2
101,37,Sick Leave,2023-03-25,2023-03-27,1
102,38,Vacation,2023-03-12,2023-03-14,2
103,39,Sick Leave,2022-12-19,2022-12-24,6
104,40,Vacation,2023-12-10,2023-12-12,2
105,40,Vacation,2022-04-25,2022-05-03,7
106,40,Vacation,2022-06-02,2022-06-03,2
107,41,Sick Leave,2023-02-11,2023-02-14,2
108,41,Unpaid Time Off,2023-01-15,2023-01-20,5
109,42,Sick Leave,2023-08-31,2023-09-05,4
110,42,Unpaid Time Off,2022-10-19,2022-10-25,5
111,43,Vacation,2023-09-18,2023-09-21,4
112,44,Vacation,2022-12-22,2022-12-29,6
113,45,Vacation,2021-12-29,2022-01-03,4
114,46,Vacation,2022-11-20,2022-11-24,4
115,46,Vacation,2023-10-04,2023-10-07,4
116,46,Sick Leave,2023-02-21,2023-02-25,5
117,47,Vacation,2022-05-25,2022-05-29,4
118,47,Sick Leave,2023-03-15,2023-03-16,2
119,47,Sick Leave,2022-04-16,2022-04-24,6
120,48,Sick Leave,2023-10-19,2023-10-24,4
121,49,Vacation,2022-09-01,2022-09-03,3
122,49,Unpaid Time Off,2022-09-07,2022-09-15,7
123,49,Vacation,2023-10-13,2023-10-19,5
124,50,Vacation,2022-07-01,2022-07-03,2
125,50,Unpaid Time Off,2022-02-03,2022-02-05,3
126,51,Vacation,2023-10-23,2023-10-31,7
127,51,Sick Leave,2022-01-29,2022-02-03,4
128,51,Vacation,2023-09-23,2023-09-26,2
129,52,Unpaid Time Off,2021-11-27,2021-12-03,5
130,52,Vacation,2021-11-14,2021-11-17,3
131,52,Sick Leave,2022-03-02,2022-03-06,4
132,53,Sick Leave,2021-12-27,2022-01-01,6
133,53,Sick Leave,2023-03-05,2023-03-08,3
134,53,Sick Leave,2021-08-16,2021-08-22,6
135,53,Vacation,2021-08-07,2021-08-15,6
136,54,Vacation,2023-09-11,2023-09-19,7
137,54,Sick Leave,2022-11-22,2022-11-25,4
138,54,Sick Leave,2023-01-06,2023-01-08,2
139,55,Vacation,2023-04-06,2023-04-10,3
140,55,Sick Leave,2023-02-26,2023-02-28,2
141,56,Sick Leave,2023-08-25,2023-08-26,2
142,57,Unpaid Time Off,2023-08-31,2023-09-04,3
143,57,Vacation,2023-10-27,2023-11-01,4
144,57,Sick Leave,2023-08-18,2023-08-26,7
145,57,Vacation,2023-11-04,2023-11-07,2
146,58,Vacation,2023-06-23,2023-06-28,4
147,58,Vacation,2023-01-15,2023-01-17,2
148,59,Sick Leave,2022-08-18,2022-08-22,3
149,60,Vacation,2023-12-07,2023-12-10,3
150,60,Vacation,2022-11-03,2022-11-06,3
151,61,Unpaid Time Off,2023-05-27,2023-06-04,6
152,61,Vacation,2023-08-20,2023-08-21,1
153,62,Vacation,2023-07-29,2023-08-02,3
154,62,Vacation,2023-07-09,2023-07-15,6
155,62,Vacation,2023-12-20,2023-12-24,4
156,62,Vacation,2023-03-02,2023-03-08,5
157,63,Vacation,2023-01-04,2023-01-05,2
158,63,Vacation,2022-11-11,2022-11-17,5
159,63,Sick Leave,2023-05-28,2023-06-02,5
160,63,Vacation,2023-01-12,2023-01-17,4
161,64,Sick Leave,2023-10-14,2023-10-21,6
162,64,Vacation,2021-10-15,2021-10-21,5
163,65,Vacation,2023-03-08,2023-03-13,4
164,66,Vacation,2023-10-14,2023-10-21,6
165,66,Vacation,2023-06-27,2023-07-03,5
166,67,Vacation,2023-06-22,2023-06-23,2
167,67,Vacation,2023-09-25,2023-09-28,4
168,67,Vacation,2023-09-02,2023-09-06,3
169,67,Vacation,2023-07-05,2023-07-10,4
170,68,Vacation,2023-12-28,2023-12-31,3
171,68,Sick Leave,2023-02-24,2023-02-26,2
172,69,Sick Leave,2022-06-10,2022-06-16,5
173,69,Sick Leave,2022-11-15,2022-11-23,7
174,69,Vacation,2021-06-05,2021-06-13,6
175,69,Sick Leave,2023-02-23,2023-02-26,3
176,70,Vacation,2023-08-27,2023-08-28,1
177,70,Vacation,2023-03-07,2023-03-10,4
178,70,Vacation,2023-06-16,2023-06-19,2
179,70,Sick Leave,2023-05-06,2023-05-07,1
180,71,Vacation,2022-06-17,2022-06-18,2
181,71,Vacation,2022-12-03,2022-12-06,2
182,72,Sick Leave,2022-09-26,2022-09-27,2
183,72,Unpaid Time Off,2022-12-01,2022-12-06,4
184,72,Vacation,2023-02-08,2023-02-12,4
185,72,Sick Leave,2023-01-16,2023-01-24,7
186,73,Sick Leave,2021-12-10,2021-12-14,3
187,73,Sick Leave,2022-09-12,2022-09-15,4
188,74,Vacation,2023-06-10,2023-06-15,4
189,74,Unpaid Time Off,2022-12-15,2022-12-21,5
190,75,Vacation,2022-09-02,2022-09-06,3
191,76,Vacation,2023-10-19,2023-10-21,3
192,76,Sick Leave,2021-07-24,2021-07-31,6
193,77,Vacation,2023-07-28,2023-07-31,2
194,78,Vacation,2021-10-20,2021-10-22,3
195,79,Sick Leave,2021-11-01,2021-11-02,2
196,79,Vacation,2023-05-17,2023-05-24,6
197,80,Sick Leave,2022-11-29,2022-11-30,2
198,80,Vacation,2022-08-19,2022-08-26,6
199,80,Sick Leave,2022-08-31,2022-09-08,7
200,81,Vacation,2023-09-09,2023-09-15,5
201,81,Vacation,2023-07-11,2023-07-13,3
202,81,Vacation,2023-05-18,2023-05-23,4
203,81,Unpaid Time Off,2023-07-17,2023-07-21,5
204,82,Vacation,2022-04-11,2022-04-16,6
205,83,Vacation,2023-06-08,2023-06-13,4
206,83,Vacation,2023-09-13,2023-09-14,2
207,83,Vacation,2023-05-15,2023-05-17,3
208,83,Sick Leave,2023-12-05,2023-12-12,6
209,84,Vacation,2022-11-15,2022-11-22,6
210,84,Vacation,2022-03-03,2022-03-06,3
211,84,Vacation,2022-10-22,2022-10-27,4
212,85,Sick Leave,2023-07-24,2023-07-30,6
213,85,Sick Leave,2023-10-22,2023-10-29,6
214,85,Vacation,2023-07-26,2023-08-02,6
215,85,Vacation,2023-07-03,2023-07-11,7
216,86,Unpaid Time Off,2023-08-21,2023-08-26,6
217,86,Sick Leave,2022-07-07,2022-07-13,5
218,86,Sick Leave,2023-06-11,2023-06-18,6
219,86,Sick Leave,2022-12-31,2023-01-02,1
220,87,Vacation,2023-11-02,2023-11-05,3
221,87,Sick Leave,2023-11-14,2023-11-21,6
222,87,Vacation,2023-12-24,2023-12-25,1
223,87,Sick Leave,2023-11-05,2023-11-06,1
224,88,Unpaid Time Off,2023-08-19,2023-08-27,6
225,88,Vacation,2023-08-29,2023-09-05,6
226,89,Vacation,2023-06-08,2023-06-12,3
227,89,Sick Leave,2023-12-16,2023-12-17,1
228,89,Sick Leave,2023-11-25,2023-12-02,6
229,90,Unpaid Time Off,2023-04-09,2023-04-10,1
230,90,Sick Leave,2023-03-08,2023-03-11,4
231,90,Vacation,2023-09-14,2023-09-22,7
232,91,Vacation,2023-07-08,2023-07-12,3
233,91,Sick Leave,2023-07-16,2023-07-20,4
234,91,Vacation,2023-04-22,2023-04-23,1
235,92,Vacation,2023-08-23,2023-08-26,4
236,93,Vacation,2023-05-05,2023-05-12,6
237,93,Vacation,2023-02-03,2023-02-10,6
238,93,Vacation,2022-09-12,2022-09-16,5
239,94,Vacation,2023-06-21,2023-06-23,3
240,95,Unpaid Time Off,2023-03-30,2023-04-05,5
241,95,Vacation,2023-10-20,2023-10-25,4
242,95,Vacation,2023-05-22,2023-05-26,5
243,96,Vacation,2022-11-11,2022-11-12,2
244,96,Vacation,2022-09-16,2022-09-23,6
245,96,Vacation,2022-10-06,2022-10-08,3
246,96,Unpaid Time Off,2023-06-15,2023-06-21,5
247,97,Sick Leave,2023-10-02,2023-10-07,6
248,97,Vacation,2023-07-09,2023-07-16,6
249,97,Sick Leave,2022-12-26,2022-12-30,5
250,98,Sick Leave,2022-11-17,2022-11-25,7
251,98,Vacation,2023-01-02,2023-01-03,2
252,98,Vacation,2023-07-19,2023-07-24,4
253,98,Sick Leave,2023-08-13,2023-08-17,4
254,99,Vacation,2021-10-31,2021-11-06,6
255,99,Vacation,2022-12-29,2023-01-04,5
256,100,Vacation,2023-08-06,2023-08-11,5
257,101,Sick Leave,2023-02-14,2023-02-21,6
258,102,Vacation,2022-01-16,2022-01-18,2
259,102,Vacation,2022-07-22,2022-07-25,2
260,102,Vacation,2021-11-16,2021-11-22,5
261,103,Unpaid Time Off,2023-06-29,2023-07-02,3
262,103,Vacation,2023-05-13,2023-05-17,3
263,103,Vacation,2023-09-18,2023-09-22,5
264,104,Vacation,2022-10-10,2022-10-15,6
265,104,Sick Leave,2023-03-16,2023-03-20,3
266,105,Sick Leave,2023-03-16,2023-03-19,3
267,105,Unpaid Time Off,2023-07-01,2023-07-03,1
268,105,Sick Leave,2023-09-01,2023-09-09,7
269,106,Vacation,2021-05-26,2021-06-03,7
270,107,Sick Leave,2023-04-17,2023-04-25,7
271,107,Vacation,2023-03-15,2023-03-20,4
272,107,Vacation,2023-02-15,2023-02-20,4
273,108,Vacation,2023-02-10,2023-02-11,2
274,108,Vacation,2023-03-14,2023-03-21,6
275,109,Vacation,2022-12-22,2022-12-28,5
276,110,Unpaid Time Off,2023-05-29,2023-06-06,7
277,110,Vacation,2022-01-24,2022-02-01,7
278,111,Sick Leave,2023-06-19,2023-06-20,2
279,112,Vacation,2023-09-14,2023-09-16,3
280,112,Vacation,2023-07-02,2023-07-07,5
281,112,Vacation,2023-11-01,2023-11-06,4
282,112,Unpaid Time Off,2023-10-22,2023-10-30,6
283,113,Vacation,2023-01-09,2023-01-15,6
284,113,Vacation,2023-11-08,2023-11-15,6
285,113,Vacation,2022-12-29,2023-01-04,5
286,114,Vacation,2021-07-09,2021-07-14,4
287,114,Unpaid Time Off,2023-10-20,2023-10-23,2
288,114,Sick Leave,2023-08-26,2023-08-30,3
289,114,Sick Leave,2022-12-05,2022-12-10,6
290,115,Vacation,2023-09-24,2023-10-01,6
291,115,Vacation,2023-10-26,2023-10-29,3
292,115,Vacation,2023-08-20,2023-08-21,1
293,115,Vacation,2023-06-11,2023-06-19,6
294,116,Vacation,2022-01-08,2022-01-16,6
295,116,Vacation,2022-08-20,2022-08-21,1
296,116,Vacation,2023-08-07,2023-08-10,4
297,117,Sick Leave,2022-12-18,2022-12-26,6
298,117,Vacation,2023-07-18,2023-07-20,3
299,117,Vacation,2023-10-13,2023-10-19,5
300,118,Vacation,2021-11-09,2021-11-14,5
301,118,Vacation,2023-08-20,2023-08-27,6
302,118,Vacation,2022-03-22,2022-03-26,5
303,119,Vacation,2023-07-18,2023-07-23,5
304,119,Sick Leave,2023-06-17,2023-06-25,6
305,120,Vacation,2022-08-14,2022-08-16,2
306,120,Vacation,2022-07-16,2022-07-21,4
307,120,Sick Leave,2022-07-26,2022-07-29,4
308,120,Vacation,2022-07-24,2022-07-30,6
309,121,Vacation,2022-01-08,2022-01-10,1
310,121,Vacation,2022-11-02,2022-11-08,5
311,121,Sick Leave,2021-11-22,2021-11-28,6
312,121,Sick Leave,2022-11-01,2022-11-06,5
313,122,Sick Leave,2023-12-06,2023-12-11,4
314,122,Sick Leave,2023-07-11,2023-07-17,5
315,122,Vacation,2023-10-20,2023-10-28,7
316,122,Sick Leave,2023-11-13,2023-11-16,4
317,123,Sick Leave,2023-10-13,2023-10-17,3
318,123,Vacation,2023-02-05,2023-02-07,2
319,124,Vacation,2021-08-02,2021-08-04,3
320,124,Vacation,2021-09-23,2021-10-01,7
321,124,Sick Leave,2022-11-16,2022-11-17,2
322,124,Vacation,2023-04-28,2023-04-30,2
323,125,Sick Leave,2023-03-26,2023-03-28,2
324,125,Vacation,2022-03-01,2022-03-08,6
325,126,Vacation,2022-07-02,2022-07-07,4
326,126,Vacation,2022-03-23,2022-03-26,4
327,127,Vacation,2023-07-04,2023-07-05,2
328,127,Sick Leave,2023-07-08,2023-07-14,5
329,128,Vacation,2022-11-30,2022-12-08,7
330,128,Vacation,2023-11-07,2023-11-12,5
331,128,Unpaid Time Off,2023-02-21,2023-02-24,4
332,129,Sick Leave,2023-09-18,2023-09-26,7
333,129,Vacation,2023-09-15,2023-09-22,6
334,130,Vacation,2023-10-10,2023-10-16,5
335,130,Sick Leave,2023-05-20,2023-05-24,3
336,130,Vacation,2022-08-05,2022-08-13,7
337,131,Vacation,2022-02-21,2022-02-26,6
338,131,Vacation,2022-08-15,2022-08-16,2
339,131,Vacation,2022-06-11,2022-06-14,2
340,131,Vacation,2022-05-28,2022-06-05,6
341,132,Vacation,2022-03-31,2022-04-08,7
342,132,Sick Leave,2023-01-31,2023-02-07,6
343,132,Sick Leave,2022-09-19,2022-09-23,5
344,132,Vacation,2022-12-24,2022-12-30,5
345,133,Vacation,2022-04-07,2022-04-14,6
346,133,Sick Leave,2023-09-09,2023-09-16,6
347,133,Vacation,2022-04-20,2022-04-24,4
348,133,Sick Leave,2023-10-01,2023-10-08,6
349,134,Sick Leave,2023-08-17,2023-08-22,4
350,134,Vacation,2023-01-02,2023-01-07,6
351,134,Vacation,2022-09-22,2022-09-24,3
352,135,Sick Leave,2023-03-22,2023-03-24,3
353,135,Vacation,2023-05-10,2023-05-18,7
354,135,Vacation,2023-09-12,2023-09-20,7
355,136,Vacation,2023-11-29,2023-12-02,4
356,137,Unpaid Time Off,2022-08-14,2022-08-17,3
357,138,Vacation,2023-08-26,2023-08-31,4
358,138,Sick Leave,2023-05-12,2023-05-20,7
359,138,Vacation,2022-10-03,2022-10-07,5
360,139,Vacation,2022-12-16,2022-12-24,7
361,140,Sick Leave,2022-11-25,2022-11-30,4
362,140,Unpaid Time Off,2022-10-14,2022-10-22,7
363,140,Sick Leave,2022-11-03,2022-11-11,7
364,140,Vacation,2023-11-08,2023-11-09,2
365,141,Vacation,2023-01-04,2023-01-05,2
366,141,Vacation,2023-06-12,2023-06-19,6
367,142,Vacation,2023-06-13,2023-06-16,4
368,142,Sick Leave,2023-01-30,2023-02-04,6
369,142,Vacation,2023-03-01,2023-03-02,2
370,142,Vacation,2023-05-17,2023-05-21,4
371,143,Sick Leave,2021-11-10,2021-11-14,4
372,143,Vacation,2021-12-10,2021-12-11,2
373,143,Vacation,2021-08-02,2021-08-04,3
374,143,Vacation,2021-10-17,2021-10-21,4
375,144,Vacation,2021-12-08,2021-12-14,5
376,144,Sick Leave,2022-04-19,2022-04-20,2
377,144,Vacation,2022-02-04,2022-02-06,2
378,145,Vacation,2023-03-30,2023-04-03,3
379,145,Sick Leave,2023-08-09,2023-08-10,2
380,145,Unpaid Time Off,2023-05-03,2023-05-07,4
381,146,Vacation,2023-06-17,2023-06-24,6
382,146,Sick Leave,2023-06-23,2023-06-26,2
383,147,Sick Leave,2023-09-27,2023-10-04,6
384,148,Vacation,2022-09-26,2022-09-27,2
385,149,Vacation,2023-10-12,2023-10-15,3
386,149,Vacation,2023-09-22,2023-09-24,2
387,149,Vacation,2023-12-04,2023-12-12,7
388,149,Unpaid Time Off,2023-11-24,2023-11-30,5
389,150,Vacation,2022-06-04,2022-06-05,1
390,151,Vacation,2023-07-13,2023-07-15,3
391,151,Vacation,2023-01-13,2023-01-17,3
392,152,Sick Leave,2022-02-20,2022-02-28,6
393,152,Sick Leave,2022-12-18,2022-12-19,1
394,152,Sick Leave,2022-08-09,2022-08-15,5
395,153,Vacation,2022-07-31,2022-08-01,1
396,153,Vacation,2023-01-20,2023-01-28,7
397,153,Vacation,2023-11-09,2023-11-17,7
398,154,Vacation,2022-02-28,2022-03-06,6
399,154,Vacation,2022-05-05,2022-05-13,7
400,155,Vacation,2023-09-26,2023-09-28,3
401,155,Vacation,2023-10-06,2023-10-14,7
402,156,Vacation,2023-06-13,2023-06-19,5
403,156,Sick Leave,2023-09-18,2023-09-25,6
404,156,Sick Leave,2023-07-25,2023-07-26,2
405,157,Vacation,2023-05-19,2023-05-23,3
406,157,Sick Leave,2023-01-25,2023-01-27,3
407,157,Vacation,2023-04-21,2023-04-28,6
408,158,Sick Leave,2023-04-03,2023-04-06,4
409,158,Vacation,2023-03-05,2023-03-11,6
410,158,Vacation,2023-03-05,2023-03-11,6
411,158,Vacation,2022-12-09,2022-12-11,2
412,159,Sick Leave,2022-05-17,2022-05-20,4
413,159,Vacation,2023-11-22,2023-11-26,4
414,160,Vacation,2023-05-29,2023-05-31,3
415,160,Sick Leave,2023-02-09,2023-02-16,6
416,161,Vacation,2022-04-20,2022-04-21,2
417,161,Vacation,2022-03-07,2022-03-09,3
418,161,Sick Leave,2023-09-10,2023-09-14,4
419,162,Sick Leave,2022-08-19,2022-08-27,7
420,163,Vacation,2023-07-23,2023-07-29,6
421,164,Sick Leave,2023-10-12,2023-10-18,5
422,164,Sick Leave,2023-11-05,2023-11-06,1
423,164,Vacation,2022-09-18,2022-09-23,5
424,164,Sick Leave,2023-02-11,2023-02-13,1
425,165,Unpaid Time Off,2023-07-26,2023-07-30,4
426,166,Sick Leave,2021-06-14,2021-06-16,3
427,167,Vacation,2022-03-04,2022-03-08,3
428,167,Vacation,2021-07-17,2021-07-21,3
429,167,Vacation,2023-07-04,2023-07-07,4
430,167,Sick Leave,2023-04-30,2023-05-07,6
431,168,Sick Leave,2023-08-23,2023-08-31,7
432,168,Sick Leave,2022-06-10,2022-06-17,6
433,168,Sick Leave,2022-12-13,2022-12-16,4
434,169,Sick Leave,2022-07-16,2022-07-22,5
435,169,Unpaid Time Off,2023-03-13,2023-03-21,7
436,169,Vacation,2022-02-09,2022-02-15,5
437,169,Sick Leave,2022-08-15,2022-08-21,6
438,170,Sick Leave,2022-07-09,2022-07-16,6
439,170,Sick Leave,2023-06-24,2023-06-30,5
440,170,Vacation,2022-11-10,2022-11-14,3
441,170,Vacation,2023-01-13,2023-01-18,4
442,171,Unpaid Time Off,2022-05-10,2022-05-18,7
443,171,Sick Leave,2023-07-18,2023-07-19,2
444,171,Vacation,2022-09-26,2022-10-01,6
445,171,Unpaid Time Off,2023-08-10,2023-08-13,3
446,172,Vacation,2022-12-09,2022-12-10,2
447,172,Vacation,2023-11-29,2023-12-03,4
448,172,Vacation,2023-12-22,2023-12-28,5
449,173,Vacation,2023-01-11,2023-01-14,4
450,173,Vacation,2022-11-10,2022-11-18,7
451,173,Vacation,2022-12-14,2022-12-17,4
452,174,Vacation,2023-06-16,2023-06-20,3
453,174,Vacation,2023-12-17,2023-12-22,5
454,175,Sick Leave,2022-02-01,2022-02-05,5
455,175,Sick Leave,2022-01-24,2022-01-30,6
456,175,Vacation,2021-03-24,2021-03-27,4
457,175,Vacation,2021-05-14,2021-05-16,2
458,176,Sick Leave,2023-07-07,2023-07-08,2
459,176,Vacation,2023-10-30,2023-11-06,6
460,176,Unpaid Time Off,2023-05-25,2023-05-26,2
461,177,Sick Leave,2022-11-07,2022-11-13,6
462,177,Vacation,2023-10-31,2023-11-07,6
463,177,Sick Leave,2023-11-03,2023-11-05,2
464,178,Sick Leave,2022-11-13,2022-11-14,1
465,178,Vacation,2023-07-03,2023-07-10,6
466,179,Vacation,2023-04-12,2023-04-18,5
467,180,Vacation,2023-09-21,2023-09-27,5
468,180,Vacation,2021-06-30,2021-07-04,4
469,181,Sick Leave,2023-08-20,2023-08-28,6
470,181,Vacation,2023-12-19,2023-12-21,3
471,181,Sick Leave,2023-06-29,2023-07-04,4
472,181,Vacation,2023-08-23,2023-08-26,4
473,182,Vacation,2022-03-04,2022-03-12,7
474,183,Vacation,2021-04-28,2021-05-05,6
475,184,Sick Leave,2022-07-08,2022-07-15,6
476,184,Sick Leave,2022-11-28,2022-12-01,4
477,184,Vacation,2022-09-04,2022-09-12,6
478,184,Vacation,2023-05-04,2023-05-12,7
479,185,Vacation,2023-04-29,2023-05-03,3
480,185,Sick Leave,2022-12-13,2022-12-18,5
481,186,Vacation,2023-11-09,2023-11-11,3
482,186,Vacation,2023-08-31,2023-09-07,6
483,186,Vacation,2023-04-08,2023-04-14,5
484,187,Sick Leave,2023-10-23,2023-10-24,2
485,187,Unpaid Time Off,2023-03-18,2023-03-21,2
486,187,Sick Leave,2023-05-07,2023-05-15,6
487,188,Unpaid Time Off,2023-11-21,2023-11-22,2
488,188,Vacation,2023-10-21,2023-10-25,3
489,188,Vacation,2023-06-11,2023-06-17,6
490,188,Vacation,2023-10-23,2023-10-25,3
491,189,Unpaid Time Off,2023-04-21,2023-04-25,3
492,190,Vacation,2023-05-16,2023-05-21,5
493,190,Vacation,2023-06-02,2023-06-04,2
494,191,Vacation,2022-10-01,2022-10-02,1
495,191,Vacation,2023-09-21,2023-09-25,3
496,191,Vacation,2023-03-29,2023-04-03,4
497,191,Sick Leave,2023-07-17,2023-07-20,4
498,192,Vacation,2023-06-06,2023-06-13,6
499,193,Vacation,2023-02-22,2023-02-27,4
500,194,Sick Leave,2022-04-16,2022-04-20,3
501,194,Vacation,2022-04-28,2022-05-03,4
502,194,Vacation,2021-09-17,2021-09-18,2
503,195,Sick Leave,2022-06-20,2022-06-26,6
504,195,Vacation,2022-12-12,2022-12-13,2
505,195,Vacation,2022-07-07,2022-07-14,6
506,196,Unpaid Time Off,2021-09-23,2021-09-25,3
507,196,Sick Leave,2023-10-04,2023-10-12,7
508,196,Vacation,2022-12-20,2022-12-22,3
509,196,Vacation,2021-06-27,2021-07-05,6
510,197,Vacation,2023-08-04,2023-08-05,2
511,198,Vacation,2021-09-29,2021-10-05,5
512,198,Vacation,2021-06-14,2021-06-17,4
513,198,Vacation,2022-04-21,2022-04-27,5
514,199,Unpaid Time Off,2023-07-11,2023-07-15,5
515,199,Sick Leave,2023-01-23,2023-01-28,6
516,199,Sick Leave,2023-04-12,2023-04-17,4
517,200,Vacation,2023-07-24,2023-07-29,6
518,201,Sick Leave,2023-01-13,2023-01-20,6
519,201,Sick Leave,2023-12-22,2023-12-24,2
520,201,Vacation,2023-01-06,2023-01-10,3
521,202,Unpaid Time Off,2023-05-20,2023-05-27,6
522,202,Vacation,2023-05-11,2023-05-17,5
523,203,Sick Leave,2023-12-24,2023-12-28,4
524,203,Sick Leave,2023-03-07,2023-03-11,5
525,204,Vacation,2023-04-15,2023-04-18,2
526,204,Sick Leave,2023-05-19,2023-05-22,2
527,204,Vacation,2023-07-29,2023-08-01,2
528,205,Vacation,2023-12-15,2023-12-18,2
529,206,Sick Leave,2022-02-11,2022-02-12,2
530,206,Unpaid Time Off,2021-07-06,2021-07-13,6
531,207,Sick Leave,2023-10-05,2023-10-13,7
532,207,Vacation,2023-04-05,2023-04-10,4
533,207,Vacation,2023-09-12,2023-09-16,5
534,208,Sick Leave,2023-04-29,2023-04-30,1
535,208,Sick Leave,2023-08-02,2023-08-07,4
536,209,Vacation,2023-07-19,2023-07-23,4
537,209,Vacation,2022-11-09,2022-11-10,2
538,210,Vacation,2021-08-02,2021-08-05,4
539,210,Sick Leave,2022-11-08,2022-11-16,7
540,210,Vacation,2023-07-13,2023-07-19,5
541,210,Vacation,2021-12-01,2021-12-08,6
542,211,Vacation,2023-05-06,2023-05-09,2
543,211,Vacation,2022-05-31,2022-06-01,2
544,212,Unpaid Time Off,2023-10-24,2023-10-29,5
545,213,Sick Leave,2023-01-04,2023-01-08,4
546,213,Vacation,2023-06-29,2023-07-01,3
547,214,Sick Leave,2023-03-12,2023-03-20,6
548,214,Sick Leave,2023-10-22,2023-10-30,6
549,214,Vacation,2023-07-14,2023-07-21,6
550,214,Sick Leave,2023-05-24,2023-05-25,2
551,215,Vacation,2022-02-13,2022-02-19,6
552,215,Vacation,2022-04-06,2022-04-07,2
553,215,Vacation,2022-02-12,2022-02-20,6
554,215,Sick Leave,2022-12-06,2022-12-07,2
555,216,Unpaid Time Off,2023-08-31,2023-09-07,6
556,216,Vacation,2023-12-29,2023-12-30,2
557,217,Vacation,2023-01-29,2023-02-02,4
558,218,Sick Leave,2021-06-01,2021-06-06,5
559,218,Vacation,2021-12-25,2021-12-30,4
560,218,Vacation,2021-05-06,2021-05-13,6
561,218,Sick Leave,2021-07-14,2021-07-15,2
562,219,Sick Leave,2023-07-04,2023-07-12,7
563,219,Vacation,2023-09-12,2023-09-20,7
564,220,Sick Leave,2023-04-01,2023-04-04,2
565,221,Vacation,2021-11-09,2021-11-16,6
566,221,Vacation,2022-06-15,2022-06-23,7
567,222,Sick Leave,2023-10-15,2023-10-19,4
568,222,Vacation,2023-07-05,2023-07-07,3
569,222,Sick Leave,2023-10-19,2023-10-22,3
570,222,Vacation,2022-10-29,2022-10-31,1
571,223,Vacation,2023-02-26,2023-03-04,6
572,223,Sick Leave,2022-06-19,2022-06-26,6
573,223,Vacation,2022-06-20,2022-06-23,4
574,223,Vacation,2023-01-31,2023-02-07,6
575,224,Vacation,2023-05-22,2023-05-28,6
576,224,Vacation,2023-09-13,2023-09-16,4
577,225,Sick Leave,2023-04-28,2023-05-01,2
578,225,Vacation,2021-09-17,2021-09-18,2
579,226,Vacation,2022-12-23,2022-12-31,7
580,226,Vacation,2023-07-18,2023-07-21,4
581,226,Unpaid Time Off,2022-10-30,2022-11-02,3
582,227,Vacation,2022-09-18,2022-09-23,5
583,228,Vacation,2021-10-06,2021-10-14,7
584,228,Sick Leave,2023-03-05,2023-03-06,1
585,228,Vacation,2022-04-25,2022-05-03,7
586,228,Vacation,2023-01-13,2023-01-21,7
587,229,Sick Leave,2022-12-01,2022-12-03,3
588,229,Vacation,2023-06-01,2023-06-02,2
589,229,Sick Leave,2022-10-11,2022-10-16,5
590,229,Vacation,2022-03-12,2022-03-16,3
591,230,Sick Leave,2023-11-11,2023-11-12,1
592,230,Vacation,2023-04-23,2023-04-24,1
593,231,Vacation,2023-12-31,2024-01-05,5
594,232,Vacation,2022-12-22,2022-12-23,2
595,233,Sick Leave,2023-12-11,2023-12-14,4
596,233,Unpaid Time Off,2023-11-08,2023-11-11,4
597,234,Vacation,2022-12-03,2022-12-04,1
598,234,Vacation,2023-07-30,2023-08-04,5
599,234,Sick Leave,2023-04-05,2023-04-12,6
600,235,Vacation,2023-06-19,2023-06-21,3
601,235,Vacation,2023-02-19,2023-02-22,3
602,235,Vacation,2023-11-15,2023-11-20,4
603,235,Vacation,2021-09-09,2021-09-16,6
604,236,Vacation,2023-09-24,2023-09-25,1
605,236,Vacation,2023-11-06,2023-11-08,3
606,237,Sick Leave,2021-04-17,2021-04-24,6
607,237,Vacation,2021-05-20,2021-05-26,5
608,237,Unpaid Time Off,2023-05-19,2023-05-25,5
609,238,Vacation,2022-08-07,2022-08-15,6
610,238,Sick Leave,2022-08-20,2022-08-23,2
611,238,Sick Leave,2023-01-16,2023-01-20,5
612,238,Vacation,2023-02-16,2023-02-20,3
613,239,Sick Leave,2023-10-17,2023-10-25,7
614,240,Sick Leave,2023-12-19,2023-12-23,5
615,241,Vacation,2022-03-02,2022-03-09,6
616,241,Vacation,2022-09-13,2022-09-19,5
617,241,Vacation,2022-06-11,2022-06-15,3
618,241,Sick Leave,2022-05-20,2022-05-24,3
619,242,Vacation,2022-11-21,2022-11-23,3
620,242,Sick Leave,2023-05-09,2023-05-15,5
621,242,Sick Leave,2022-08-13,2022-08-15,1
622,243,Sick Leave,2021-08-07,2021-08-14,6
623,243,Sick Leave,2022-06-13,2022-06-14,2
624,243,Vacation,2022-02-15,2022-02-19,5
625,244,Unpaid Time Off,2022-11-25,2022-12-03,7
626,244,Sick Leave,2023-03-19,2023-03-20,1
627,244,Vacation,2022-09-04,2022-09-12,6
628,245,Vacation,2022-05-21,2022-05-27,5
629,245,Unpaid Time Off,2022-10-16,2022-10-23,6
630,245,Sick Leave,2023-12-29,2023-12-30,2
631,245,Vacation,2022-06-10,2022-06-15,4
632,246,Vacation,2023-10-26,2023-10-27,2
633,246,Sick Leave,2022-11-19,2022-11-25,5
634,246,Vacation,2022-01-29,2022-02-04,5
635,247,Sick Leave,2023-11-25,2023-11-30,4
636,247,Unpaid Time Off,2023-08-17,2023-08-23,5
637,248,Vacation,2023-10-23,2023-10-30,6
638,248,Sick Leave,2022-12-15,2022-12-17,3
639,249,Sick Leave,2023-06-07,2023-06-13,5
640,249,Vacation,2023-10-20,2023-10-25,4
641,249,Sick Leave,2023-11-26,2023-12-04,6
642,250,Sick Leave,2023-08-10,2023-08-18,7
643,250,Vacation,2023-08-16,2023-08-21,4
644,250,Vacation,2023-06-17,2023-06-22,4
645,251,Sick Leave,2023-02-02,2023-02-03,2
646,251,Vacation,2023-10-14,2023-10-16,1
647,251,Sick Leave,2023-09-15,2023-09-16,2
648,252,Vacation,2023-09-02,2023-09-06,3
649,252,Sick Leave,2023-12-01,2023-12-09,7
650,253,Vacation,2023-02-04,2023-02-10,5
651,253,Sick Leave,2023-06-26,2023-06-28,3
652,253,Vacation,2022-10-09,2022-10-12,3
653,254,Vacation,2022-03-28,2022-04-05,7
654,255,Vacation,2023-07-05,2023-07-06,2
655,256,Vacation,2021-10-01,2021-10-03,2
656,257,Vacation,2023-06-02,2023-06-04,2
657,258,Vacation,2022-03-06,2022-03-07,1
658,258,Sick Leave,2023-03-02,2023-03-07,4
659,258,Vacation,2022-10-26,2022-10-30,4
660,259,Vacation,2023-03-08,2023-03-13,4
661,259,Sick Leave,2022-11-18,2022-11-24,5
662,260,Vacation,2023-02-04,2023-02-09,4
663,261,Vacation,2022-06-29,2022-07-01,3
664,261,Vacation,2022-11-11,2022-11-13,2
665,261,Vacation,2023-12-31,2024-01-06,6
666,262,Unpaid Time Off,2023-07-04,2023-07-07,4
667,262,Vacation,2023-03-02,2023-03-07,4
668,262,Vacation,2023-08-06,2023-08-09,3
669,263,Vacation,2023-08-04,2023-08-12,7
670,263,Vacation,2021-11-06,2021-11-07,1
671,263,Vacation,2023-12-08,2023-12-09,2
672,264,Vacation,2023-09-30,2023-10-02,1
673,265,Sick Leave,2022-09-24,2022-10-02,6
674,265,Vacation,2023-04-06,2023-04-11,4
675,266,Unpaid Time Off,2023-08-22,2023-08-24,3
676,266,Vacation,2023-12-07,2023-12-15,7
677,267,Vacation,2023-04-10,2023-04-18,7
678,268,Vacation,2023-05-26,2023-06-03,7
679,268,Vacation,2022-08-20,2022-08-24,3
680,268,Unpaid Time Off,2023-12-11,2023-12-16,6
681,269,Sick Leave,2022-07-24,2022-07-27,3
682,269,Sick Leave,2023-10-10,2023-10-16,5
683,269,Vacation,2021-08-08,2021-08-14,6
684,269,Vacation,2021-10-11,2021-10-12,2
685,270,Vacation,2021-12-11,2021-12-17,5
686,271,Sick Leave,2023-01-07,2023-01-12,4
687,271,Vacation,2023-03-16,2023-03-19,3
688,272,Vacation,2023-01-06,2023-01-08,2
689,272,Sick Leave,2022-06-20,2022-06-22,3
690,272,Vacation,2023-05-14,2023-05-22,6
691,272,Vacation,2023-04-19,2023-04-26,6
692,273,Unpaid Time Off,2023-11-28,2023-12-01,4
693,273,Vacation,2023-07-21,2023-07-28,6
694,274,Sick Leave,2023-05-10,2023-05-17,6
695,274,Vacation,2023-03-16,2023-03-23,6
696,275,Vacation,2023-04-02,2023-04-06,4
697,275,Sick Leave,2023-05-27,2023-05-29,1
698,275,Vacation,2023-08-07,2023-08-15,7
699,276,Vacation,2023-01-24,2023-01-30,5
700,276,Vacation,2022-06-08,2022-06-16,7
701,276,Vacation,2023-11-21,2023-11-28,6
702,276,Sick Leave,2022-05-29,2022-05-31,2
703,277,Vacation,2023-07-11,2023-07-17,5
704,277,Vacation,2023-08-11,2023-08-12,2
705,277,Sick Leave,2023-06-14,2023-06-17,4
706,277,Sick Leave,2023-10-12,2023-10-13,2
707,278,Vacation,2023-09-23,2023-10-01,6
708,278,Sick Leave,2023-11-22,2023-11-29,6
709,279,Vacation,2022-08-19,2022-08-23,3
710,279,Vacation,2022-08-28,2022-09-03,6
711,279,Unpaid Time Off,2023-06-30,2023-07-05,4
712,279,Sick Leave,2023-05-28,2023-06-04,6
713,280,Vacation,2023-09-09,2023-09-11,1
714,280,Sick Leave,2023-10-17,2023-10-24,6
715,280,Vacation,2023-06-24,2023-06-29,4
716,281,Sick Leave,2023-07-21,2023-07-22,2
717,282,Sick Leave,2022-07-16,2022-07-18,1
718,282,Vacation,2022-11-30,2022-12-01,2
719,282,Sick Leave,2021-12-06,2021-12-13,6
720,283,Vacation,2023-12-20,2023-12-27,6
721,283,Sick Leave,2023-08-13,2023-08-17,4
722,283,Vacation,2023-11-09,2023-11-17,7
723,283,Sick Leave,2023-10-07,2023-10-14,6
724,284,Vacation,2022-08-22,2022-08-29,6
725,284,Vacation,2022-03-16,2022-03-19,4
726,284,Sick Leave,2022-03-07,2022-03-09,3
727,285,Sick Leave,2023-07-08,2023-07-16,6
728,285,Vacation,2023-07-22,2023-07-25,2
729,286,Sick Leave,2023-05-17,2023-05-25,7
730,286,Sick Leave,2023-09-10,2023-09-17,6
731,286,Vacation,2023-06-17,2023-06-25,6
732,286,Vacation,2023-10-12,2023-10-20,7
733,287,Vacation,2023-05-24,2023-05-27,4
734,287,Vacation,2023-09-07,2023-09-08,2
735,288,Vacation,2023-06-01,2023-06-06,4
736,288,Vacation,2022-06-14,2022-06-20,5
737,289,Sick Leave,2022-05-17,2022-05-25,7
738,290,Unpaid Time Off,2023-05-08,2023-05-16,7
739,291,Sick Leave,2021-11-08,2021-11-11,4
740,292,Vacation,2022-09-25,2022-10-03,6
741,292,Vacation,2022-04-05,2022-04-07,3
742,292,Sick Leave,2022-03-19,2022-03-21,1
743,293,Unpaid Time Off,2023-04-14,2023-04-15,2
744,293,Vacation,2023-06-09,2023-06-10,2
745,293,Vacation,2023-07-07,2023-07-15,7
746,294,Vacation,2023-04-06,2023-04-13,6
747,294,Vacation,2022-07-23,2022-07-28,4
748,294,Sick Leave,2023-09-28,2023-09-29,2
749,295,Vacation,2022-10-17,2022-10-22,6
750,295,Vacation,2023-01-13,2023-01-21,7
751,295,Sick Leave,2023-05-24,2023-05-25,2
752,296,Vacation,2023-05-13,2023-05-14,1
753,296,Vacation,2023-10-12,2023-10-14,3
754,296,Sick Leave,2023-07-14,2023-07-16,2
755,297,Vacation,2023-02-13,2023-02-18,6
756,297,Vacation,2023-02-02,2023-02-07,4
757,297,Vacation,2022-09-29,2022-10-04,4
758,298,Unpaid Time Off,2022-06-12,2022-06-15,3
759,299,Vacation,2023-12-19,2023-12-27,7
760,299,Vacation,2023-09-14,2023-09-17,3
761,300,Vacation,2023-12-12,2023-12-20,7
762,300,Vacation,2022-09-25,2022-09-26,1
